Workbook

Sheet Mapping Bu Gita
A1: Branch | B1: Divisi | C1: Kode Sales | D1: Februari | E1: Masuk | F1: Keluar | G1: NIK | H1: No Rek | I1: Data HR | J1: Status | K1: Sales Pengganti
A2: =IF(LEFT(RIGHT(C2,2),1)="0","Bandung",IF(LEFT(RIGHT(C2,2),1)="2","PCK",IF(LEFT(RIGHT(C2,2),1)="6","Cirebon",IF(LEFT(RIGHT(C2,2),1)="7","Tasik",IF(LEFT(RIGHT(C2,2),1)="8","Bogor",""))))) -> Bandung | B2: =IF(LEFT(C2,2)="EL","Elektrik",IF(LEFT(C2,2)="PP","Pipa Pompa",IF(LEFT(C2,2)="IC","ICI",IF(LEFT(C2,2)="PI","Pipamas","")))) -> Elektrik | C2: ELMOD01 | D2: RIDWAN FAUZAN FIRDAUS | E2: 44588 | G2: =VLOOKUP(Table7910111213[[#This Row],[Februari]],'Clean Data HR'!$G$2:$H$102,2,0) -> PMD2201011 | H2: 4371314568 | I2: RIDWAN FAUZAN FIRDAUS | J2: =Table7910111213[[#This Row],[Februari]]=Table7910111213[[#This Row],[Data HR]] -> TRUE | M2: Resign
A3: =IF(LEFT(RIGHT(C3,2),1)="0","Bandung",IF(LEFT(RIGHT(C3,2),1)="2","PCK",IF(LEFT(RIGHT(C3,2),1)="6","Cirebon",IF(LEFT(RIGHT(C3,2),1)="7","Tasik",IF(LEFT(RIGHT(C3,2),1)="8","Bogor",""))))) -> Bandung | B3: =IF(LEFT(C3,2)="EL","Elektrik",IF(LEFT(C3,2)="PP","Pipa Pompa",IF(LEFT(C3,2)="IC","ICI",IF(LEFT(C3,2)="PI","Pipamas","")))) -> Elektrik | C3: ELMOD02 | D3: OKKY MAULANA EKWANUR | E3: 46058 | G3: PMD2602004 | H3: 0084433621 | I3: Sales tidak ada di data HR | J3: =Table7910111213[[#This Row],[Februari]]=Table7910111213[[#This Row],[Data HR]] -> FALSE | M3: NIK | N3: Nama
A4: =IF(LEFT(RIGHT(C4,2),1)="0","Bandung",IF(LEFT(RIGHT(C4,2),1)="2","PCK",IF(LEFT(RIGHT(C4,2),1)="6","Cirebon",IF(LEFT(RIGHT(C4,2),1)="7","Tasik",IF(LEFT(RIGHT(C4,2),1)="8","Bogor",""))))) -> Bandung | B4: =IF(LEFT(C4,2)="EL","Elektrik",IF(LEFT(C4,2)="PP","Pipa Pompa",IF(LEFT(C4,2)="IC","ICI",IF(LEFT(C4,2)="PI","Pipamas","")))) -> Elektrik | C4: ELSLE01 | D4: RENALDI AGUSTIANA YUSUF | E4: 46006 | G4: =VLOOKUP(Table7910111213[[#This Row],[Februari]],'Clean Data HR'!$G$2:$H$102,2,0) -> PMD2512008 | H4: 3741721129 | I4: RENALDI AGUSTIANA YUSUF | J4: =Table7910111213[[#This Row],[Februari]]=Table7910111213[[#This Row],[Data HR]] -> TRUE | M4: PMD2201006 | N4: DADAN HARDIANSAH PUTRA
A5: =IF(LEFT(RIGHT(C5,2),1)="0","Bandung",IF(LEFT(RIGHT(C5,2),1)="2","PCK",IF(LEFT(RIGHT(C5,2),1)="6","Cirebon",IF(LEFT(RIGHT(C5,2),1)="7","Tasik",IF(LEFT(RIGHT(C5,2),1)="8","Bogor",""))))) -> Bandung | B5: =IF(LEFT(C5,2)="EL","Elektrik",IF(LEFT(C5,2)="PP","Pipa Pompa",IF(LEFT(C5,2)="IC","ICI",IF(LEFT(C5,2)="PI","Pipamas","")))) -> Elektrik | C5: ELSLE02 | D5: SYAMSUL PALAH | E5: 45533 | G5: =VLOOKUP(Table7910111213[[#This Row],[Februari]],'Clean Data HR'!$G$2:$H$102,2,0) -> PMD2408006 | H5: 7940315390 | I5: SYAMSUL PALAH | J5: =Table7910111213[[#This Row],[Februari]]=Table7910111213[[#This Row],[Data HR]] -> TRUE | M5: PMB2411001 | N5: ANTONIO RIFALDO
A6: =IF(LEFT(RIGHT(C6,2),1)="0","Bandung",IF(LEFT(RIGHT(C6,2),1)="2","PCK",IF(LEFT(RIGHT(C6,2),1)="6","Cirebon",IF(LEFT(RIGHT(C6,2),1)="7","Tasik",IF(LEFT(RIGHT(C6,2),1)="8","Bogor",""))))) -> Bandung | B6: =IF(LEFT(C6,2)="EL","Elektrik",IF(LEFT(C6,2)="PP","Pipa Pompa",IF(LEFT(C6,2)="IC","ICI",IF(LEFT(C6,2)="PI","Pipamas","")))) -> Elektrik | C6: ELSLE03 | D6: GHISAN AL AZHALI | E6: 45628 | G6: =VLOOKUP(Table7910111213[[#This Row],[Februari]],'Clean Data HR'!$G$2:$H$102,2,0) -> PMD2412001 | H6: 7495077144 | I6: GHISAN AL AZHALI | J6: =Table7910111213[[#This Row],[Februari]]=Table7910111213[[#This Row],[Data HR]] -> TRUE | M6: PMT2010001 | N6: RUDI RUSWANDI
A7: =IF(LEFT(RIGHT(C7,2),1)="0","Bandung",IF(LEFT(RIGHT(C7,2),1)="2","PCK",IF(LEFT(RIGHT(C7,2),1)="6","Cirebon",IF(LEFT(RIGHT(C7,2),1)="7","Tasik",IF(LEFT(RIGHT(C7,2),1)="8","Bogor",""))))) -> Bandung | B7: =IF(LEFT(C7,2)="EL","Elektrik",IF(LEFT(C7,2)="PP","Pipa Pompa",IF(LEFT(C7,2)="IC","ICI",IF(LEFT(C7,2)="PI","Pipamas","")))) -> Elektrik | C7: ELSLE04 | D7: VIRSQI INDRA PERDANA | E7: 46000 | G7: =VLOOKUP(Table7910111213[[#This Row],[Februari]],'Clean Data HR'!$G$2:$H$102,2,0) -> PMD2512005 | H7: 1390637132 | I7: VIRSQI INDRA PERDANA | J7: =Table7910111213[[#This Row],[Februari]]=Table7910111213[[#This Row],[Data HR]] -> TRUE | M7: PMD2601002 | N7: FITRAH RAMADHAN
A8: =IF(LEFT(RIGHT(C8,2),1)="0","Bandung",IF(LEFT(RIGHT(C8,2),1)="2","PCK",IF(LEFT(RIGHT(C8,2),1)="6","Cirebon",IF(LEFT(RIGHT(C8,2),1)="7","Tasik",IF(LEFT(RIGHT(C8,2),1)="8","Bogor",""))))) -> Bandung | B8: =IF(LEFT(C8,2)="EL","Elektrik",IF(LEFT(C8,2)="PP","Pipa Pompa",IF(LEFT(C8,2)="IC","ICI",IF(LEFT(C8,2)="PI","Pipamas","")))) -> Elektrik | C8: ELSLE05 | D8: HASUDUNGAN | E8: 44704 | G8: =VLOOKUP(Table7910111213[[#This Row],[Februari]],'Clean Data HR'!$G$2:$H$102,2,0) -> PMD2205003 | H8: 2810384045 | I8: HASUDUNGAN | J8: =Table7910111213[[#This Row],[Februari]]=Table7910111213[[#This Row],[Data HR]] -> TRUE
A9: =IF(LEFT(RIGHT(C9,2),1)="0","Bandung",IF(LEFT(RIGHT(C9,2),1)="2","PCK",IF(LEFT(RIGHT(C9,2),1)="6","Cirebon",IF(LEFT(RIGHT(C9,2),1)="7","Tasik",IF(LEFT(RIGHT(C9,2),1)="8","Bogor",""))))) -> Bandung | B9: =IF(LEFT(C9,2)="EL","Elektrik",IF(LEFT(C9,2)="PP","Pipa Pompa",IF(LEFT(C9,2)="IC","ICI",IF(LEFT(C9,2)="PI","Pipamas","")))) -> Elektrik | C9: ELCOS01 | D9: NUR ALI | E9: 44706 | G9: =VLOOKUP(Table7910111213[[#This Row],[Februari]],'Clean Data HR'!$G$2:$H$102,2,0) -> PMD2205006 | H9: 8100893330 | I9: NUR ALI | J9: =Table7910111213[[#This Row],[Februari]]=Table7910111213[[#This Row],[Data HR]] -> TRUE
A10: =IF(LEFT(RIGHT(C10,2),1)="0","Bandung",IF(LEFT(RIGHT(C10,2),1)="2","PCK",IF(LEFT(RIGHT(C10,2),1)="6","Cirebon",IF(LEFT(RIGHT(C10,2),1)="7","Tasik",IF(LEFT(RIGHT(C10,2),1)="8","Bogor",""))))) -> PCK | B10: =IF(LEFT(C10,2)="EL","Elektrik",IF(LEFT(C10,2)="PP","Pipa Pompa",IF(LEFT(C10,2)="IC","ICI",IF(LEFT(C10,2)="PI","Pipamas","")))) -> Elektrik | C10: ELSLE25 | D10: KIKI HADISURYA | E10: 45649 | G10: =VLOOKUP(Table7910111213[[#This Row],[Februari]],'Clean Data HR'!$G$2:$H$102,2,0) -> PMK2412001 | H10: 0087042531 | I10: KIKI HADISURYA | J10: =Table7910111213[[#This Row],[Februari]]=Table7910111213[[#This Row],[Data HR]] -> TRUE
A11: =IF(LEFT(RIGHT(C11,2),1)="0","Bandung",IF(LEFT(RIGHT(C11,2),1)="2","PCK",IF(LEFT(RIGHT(C11,2),1)="6","Cirebon",IF(LEFT(RIGHT(C11,2),1)="7","Tasik",IF(LEFT(RIGHT(C11,2),1)="8","Bogor",""))))) -> Cirebon | B11: =IF(LEFT(C11,2)="EL","Elektrik",IF(LEFT(C11,2)="PP","Pipa Pompa",IF(LEFT(C11,2)="IC","ICI",IF(LEFT(C11,2)="PI","Pipamas","")))) -> Elektrik | C11: ELSLE60 | D11: NURFADILAH | E11: 44951 | G11: =VLOOKUP(Table7910111213[[#This Row],[Februari]],'Clean Data HR'!$G$2:$H$102,2,0) -> PMC2301001 | H11: 1342293292 | I11: NURFADILAH | J11: =Table7910111213[[#This Row],[Februari]]=Table7910111213[[#This Row],[Data HR]] -> TRUE
A12: =IF(LEFT(RIGHT(C12,2),1)="0","Bandung",IF(LEFT(RIGHT(C12,2),1)="2","PCK",IF(LEFT(RIGHT(C12,2),1)="6","Cirebon",IF(LEFT(RIGHT(C12,2),1)="7","Tasik",IF(LEFT(RIGHT(C12,2),1)="8","Bogor",""))))) -> Cirebon | B12: =IF(LEFT(C12,2)="EL","Elektrik",IF(LEFT(C12,2)="PP","Pipa Pompa",IF(LEFT(C12,2)="IC","ICI",IF(LEFT(C12,2)="PI","Pipamas","")))) -> Elektrik | C12: ELSLE61 | D12: FANJI BERLIANDY AZHARI RIDZKI | E12: 44536 | G12: =VLOOKUP(Table7910111213[[#This Row],[Februari]],'Clean Data HR'!$G$2:$H$102,2,0) -> PMC2112006 | H12: 8180224085 | I12: FANJI BERLIANDY AZHARI RIDZKI | J12: =Table7910111213[[#This Row],[Februari]]=Table7910111213[[#This Row],[Data HR]] -> TRUE
A13: =IF(LEFT(RIGHT(C13,2),1)="0","Bandung",IF(LEFT(RIGHT(C13,2),1)="2","PCK",IF(LEFT(RIGHT(C13,2),1)="6","Cirebon",IF(LEFT(RIGHT(C13,2),1)="7","Tasik",IF(LEFT(RIGHT(C13,2),1)="8","Bogor",""))))) -> Cirebon | B13: =IF(LEFT(C13,2)="EL","Elektrik",IF(LEFT(C13,2)="PP","Pipa Pompa",IF(LEFT(C13,2)="IC","ICI",IF(LEFT(C13,2)="PI","Pipamas","")))) -> Elektrik | C13: ELSLE62 | D13: ADE TRIHANDOYO | E13: 45845 | G13: PMC2507002 | H13: 373802651 | I13: ADE TRIHANDOYO | J13: =Table7910111213[[#This Row],[Februari]]=Table7910111213[[#This Row],[Data HR]] -> TRUE
A14: =IF(LEFT(RIGHT(C14,2),1)="0","Bandung",IF(LEFT(RIGHT(C14,2),1)="2","PCK",IF(LEFT(RIGHT(C14,2),1)="6","Cirebon",IF(LEFT(RIGHT(C14,2),1)="7","Tasik",IF(LEFT(RIGHT(C14,2),1)="8","Bogor",""))))) -> Cirebon | B14: =IF(LEFT(C14,2)="EL","Elektrik",IF(LEFT(C14,2)="PP","Pipa Pompa",IF(LEFT(C14,2)="IC","ICI",IF(LEFT(C14,2)="PI","Pipamas","")))) -> Elektrik | C14: ELSLE63 | D14: FIDYAH FAROID | E14: 45502 | G14: =VLOOKUP(Table7910111213[[#This Row],[Februari]],'Clean Data HR'!$G$2:$H$102,2,0) -> PMC2407004 | H14: 8180505475 | I14: FIDYAH FAROID | J14: =Table7910111213[[#This Row],[Februari]]=Table7910111213[[#This Row],[Data HR]] -> TRUE
A15: =IF(LEFT(RIGHT(C15,2),1)="0","Bandung",IF(LEFT(RIGHT(C15,2),1)="2","PCK",IF(LEFT(RIGHT(C15,2),1)="6","Cirebon",IF(LEFT(RIGHT(C15,2),1)="7","Tasik",IF(LEFT(RIGHT(C15,2),1)="8","Bogor",""))))) -> Cirebon | B15: =IF(LEFT(C15,2)="EL","Elektrik",IF(LEFT(C15,2)="PP","Pipa Pompa",IF(LEFT(C15,2)="IC","ICI",IF(LEFT(C15,2)="PI","Pipamas","")))) -> Elektrik | C15: ELSLE64 | D15: EKO YOGA PRAWIRA | E15: 45708 | G15: =VLOOKUP(Table7910111213[[#This Row],[Februari]],'Clean Data HR'!$G$2:$H$102,2,0) -> PMC2502002 | H15: 1342833637 | I15: EKO YOGA PRAWIRA | J15: =Table7910111213[[#This Row],[Februari]]=Table7910111213[[#This Row],[Data HR]] -> TRUE
A16: =IF(LEFT(RIGHT(C16,2),1)="0","Bandung",IF(LEFT(RIGHT(C16,2),1)="2","PCK",IF(LEFT(RIGHT(C16,2),1)="6","Cirebon",IF(LEFT(RIGHT(C16,2),1)="7","Tasik",IF(LEFT(RIGHT(C16,2),1)="8","Bogor",""))))) -> Cirebon | B16: =IF(LEFT(C16,2)="EL","Elektrik",IF(LEFT(C16,2)="PP","Pipa Pompa",IF(LEFT(C16,2)="IC","ICI",IF(LEFT(C16,2)="PI","Pipamas","")))) -> Elektrik | C16: ELSLE65 | D16: IPAN WIGUNA | E16: 45643 | G16: =VLOOKUP(Table7910111213[[#This Row],[Februari]],'Clean Data HR'!$G$2:$H$102,2,0) -> PMC2412003 | H16: 2991983084 | I16: IPAN WIGUNA | J16: =Table7910111213[[#This Row],[Februari]]=Table7910111213[[#This Row],[Data HR]] -> TRUE
A17: =IF(LEFT(RIGHT(C17,2),1)="0","Bandung",IF(LEFT(RIGHT(C17,2),1)="2","PCK",IF(LEFT(RIGHT(C17,2),1)="6","Cirebon",IF(LEFT(RIGHT(C17,2),1)="7","Tasik",IF(LEFT(RIGHT(C17,2),1)="8","Bogor",""))))) -> Tasik | B17: =IF(LEFT(C17,2)="EL","Elektrik",IF(LEFT(C17,2)="PP","Pipa Pompa",IF(LEFT(C17,2)="IC","ICI",IF(LEFT(C17,2)="PI","Pipamas","")))) -> Elektrik | C17: ELSLE71 | D17: FIRMANSYAH | E17: 45468 | G17: =VLOOKUP(Table7910111213[[#This Row],[Februari]],'Clean Data HR'!$G$2:$H$102,2,0) -> PMT2406003 | H17: 3211177428 | I17: FIRMANSYAH | J17: =Table7910111213[[#This Row],[Februari]]=Table7910111213[[#This Row],[Data HR]] -> TRUE
A18: =IF(LEFT(RIGHT(C18,2),1)="0","Bandung",IF(LEFT(RIGHT(C18,2),1)="2","PCK",IF(LEFT(RIGHT(C18,2),1)="6","Cirebon",IF(LEFT(RIGHT(C18,2),1)="7","Tasik",IF(LEFT(RIGHT(C18,2),1)="8","Bogor",""))))) -> Tasik | B18: =IF(LEFT(C18,2)="EL","Elektrik",IF(LEFT(C18,2)="PP","Pipa Pompa",IF(LEFT(C18,2)="IC","ICI",IF(LEFT(C18,2)="PI","Pipamas","")))) -> Elektrik | C18: ELSLE72 | D18: DHIA UL IMAN | E18: 44734 | G18: =VLOOKUP(Table7910111213[[#This Row],[Februari]],'Clean Data HR'!$G$2:$H$102,2,0) -> PMT2206001 | H18: 3210914411 | I18: DHIA UL IMAN | J18: =Table7910111213[[#This Row],[Februari]]=Table7910111213[[#This Row],[Data HR]] -> TRUE
A19: =IF(LEFT(RIGHT(C19,2),1)="0","Bandung",IF(LEFT(RIGHT(C19,2),1)="2","PCK",IF(LEFT(RIGHT(C19,2),1)="6","Cirebon",IF(LEFT(RIGHT(C19,2),1)="7","Tasik",IF(LEFT(RIGHT(C19,2),1)="8","Bogor",""))))) -> Tasik | B19: =IF(LEFT(C19,2)="EL","Elektrik",IF(LEFT(C19,2)="PP","Pipa Pompa",IF(LEFT(C19,2)="IC","ICI",IF(LEFT(C19,2)="PI","Pipamas","")))) -> Elektrik | C19: ELSLE73 | D19: VEBY RIZKY FAUZI | E19: 45558 | G19: =VLOOKUP(Table7910111213[[#This Row],[Februari]],'Clean Data HR'!$G$2:$H$102,2,0) -> PMT2409001 | H19: 0541384501 | I19: VEBY RIZKY FAUZI | J19: =Table7910111213[[#This Row],[Februari]]=Table7910111213[[#This Row],[Data HR]] -> TRUE
A20: =IF(LEFT(RIGHT(C20,2),1)="0","Bandung",IF(LEFT(RIGHT(C20,2),1)="2","PCK",IF(LEFT(RIGHT(C20,2),1)="6","Cirebon",IF(LEFT(RIGHT(C20,2),1)="7","Tasik",IF(LEFT(RIGHT(C20,2),1)="8","Bogor",""))))) -> Tasik | B20: =IF(LEFT(C20,2)="EL","Elektrik",IF(LEFT(C20,2)="PP","Pipa Pompa",IF(LEFT(C20,2)="IC","ICI",IF(LEFT(C20,2)="PI","Pipamas","")))) -> Elektrik | C20: ELSLE74 | D20: DIAN HAERANDI | E20: 45820 | G20: =VLOOKUP(Table7910111213[[#This Row],[Februari]],'Clean Data HR'!$G$2:$H$102,2,0) -> PMT2506001 | H20: 3211265807 | I20: DIAN HAERANDI | J20: =Table7910111213[[#This Row],[Februari]]=Table7910111213[[#This Row],[Data HR]] -> TRUE
A21: =IF(LEFT(RIGHT(C21,2),1)="0","Bandung",IF(LEFT(RIGHT(C21,2),1)="2","PCK",IF(LEFT(RIGHT(C21,2),1)="6","Cirebon",IF(LEFT(RIGHT(C21,2),1)="7","Tasik",IF(LEFT(RIGHT(C21,2),1)="8","Bogor",""))))) -> Tasik | B21: =IF(LEFT(C21,2)="EL","Elektrik",IF(LEFT(C21,2)="PP","Pipa Pompa",IF(LEFT(C21,2)="IC","ICI",IF(LEFT(C21,2)="PI","Pipamas","")))) -> Elektrik | C21: ELSLE75 | D21: JEJEN AL KOHIRI | E21: 45679 | G21: =VLOOKUP(Table7910111213[[#This Row],[Februari]],'Clean Data HR'!$G$2:$H$102,2,0) -> PMT2501001 | H21: 3210680810 | I21: JEJEN AL KOHIRI | J21: =Table7910111213[[#This Row],[Februari]]=Table7910111213[[#This Row],[Data HR]] -> TRUE
A22: =IF(LEFT(RIGHT(C22,2),1)="0","Bandung",IF(LEFT(RIGHT(C22,2),1)="2","PCK",IF(LEFT(RIGHT(C22,2),1)="6","Cirebon",IF(LEFT(RIGHT(C22,2),1)="7","Tasik",IF(LEFT(RIGHT(C22,2),1)="8","Bogor",""))))) -> Bogor | B22: =IF(LEFT(C22,2)="EL","Elektrik",IF(LEFT(C22,2)="PP","Pipa Pompa",IF(LEFT(C22,2)="IC","ICI",IF(LEFT(C22,2)="PI","Pipamas","")))) -> Elektrik | C22: ELSLE85 | D22: SYAHRI RIZKI | E22: 45414 | G22: =VLOOKUP(Table7910111213[[#This Row],[Februari]],'Clean Data HR'!$G$2:$H$102,2,0) -> PMB2405003 | H22: 3720066482 | I22: SYAHRI RIZKI | J22: =Table7910111213[[#This Row],[Februari]]=Table7910111213[[#This Row],[Data HR]] -> TRUE
A23: =IF(LEFT(RIGHT(C23,2),1)="0","Bandung",IF(LEFT(RIGHT(C23,2),1)="2","PCK",IF(LEFT(RIGHT(C23,2),1)="6","Cirebon",IF(LEFT(RIGHT(C23,2),1)="7","Tasik",IF(LEFT(RIGHT(C23,2),1)="8","Bogor",""))))) -> Bogor | B23: =IF(LEFT(C23,2)="EL","Elektrik",IF(LEFT(C23,2)="PP","Pipa Pompa",IF(LEFT(C23,2)="IC","ICI",IF(LEFT(C23,2)="PI","Pipamas","")))) -> Elektrik | C23: ELSLE86 | D23: WAHYU WIDIANA | E23: 44903 | G23: =VLOOKUP(Table7910111213[[#This Row],[Februari]],'Clean Data HR'!$G$2:$H$102,2,0) -> PMB2212002 | H23: 7402130230 | I23: WAHYU WIDIANA | J23: =Table7910111213[[#This Row],[Februari]]=Table7910111213[[#This Row],[Data HR]] -> TRUE
A24: =IF(LEFT(RIGHT(C24,2),1)="0","Bandung",IF(LEFT(RIGHT(C24,2),1)="2","PCK",IF(LEFT(RIGHT(C24,2),1)="6","Cirebon",IF(LEFT(RIGHT(C24,2),1)="7","Tasik",IF(LEFT(RIGHT(C24,2),1)="8","Bogor",""))))) -> Bogor | B24: =IF(LEFT(C24,2)="EL","Elektrik",IF(LEFT(C24,2)="PP","Pipa Pompa",IF(LEFT(C24,2)="IC","ICI",IF(LEFT(C24,2)="PI","Pipamas","")))) -> Elektrik | C24: ELSLE87 | D24: RYAN NOVI HANDOKO | E24: 44531 | G24: =VLOOKUP(Table7910111213[[#This Row],[Februari]],'Clean Data HR'!$G$2:$H$102,2,0) -> PMB2112002 | H24: 5015250876 | I24: RYAN NOVI HANDOKO | J24: =Table7910111213[[#This Row],[Februari]]=Table7910111213[[#This Row],[Data HR]] -> TRUE
A25: =IF(LEFT(RIGHT(C25,2),1)="0","Bandung",IF(LEFT(RIGHT(C25,2),1)="2","PCK",IF(LEFT(RIGHT(C25,2),1)="6","Cirebon",IF(LEFT(RIGHT(C25,2),1)="7","Tasik",IF(LEFT(RIGHT(C25,2),1)="8","Bogor",""))))) -> Bogor | B25: =IF(LEFT(C25,2)="EL","Elektrik",IF(LEFT(C25,2)="PP","Pipa Pompa",IF(LEFT(C25,2)="IC","ICI",IF(LEFT(C25,2)="PI","Pipamas","")))) -> Elektrik | C25: ELSLE88 | D25: MUHAMAD HASAN | E25: 44091 | G25: =VLOOKUP(Table7910111213[[#This Row],[Februari]],'Clean Data HR'!$G$2:$H$102,2,0) -> PMB2009005 | H25: 5735335861 | I25: MUHAMAD HASAN | J25: =Table7910111213[[#This Row],[Februari]]=Table7910111213[[#This Row],[Data HR]] -> TRUE
A26: =IF(LEFT(RIGHT(C26,2),1)="0","Bandung",IF(LEFT(RIGHT(C26,2),1)="2","PCK",IF(LEFT(RIGHT(C26,2),1)="6","Cirebon",IF(LEFT(RIGHT(C26,2),1)="7","Tasik",IF(LEFT(RIGHT(C26,2),1)="8","Bogor",""))))) -> Bogor | B26: =IF(LEFT(C26,2)="EL","Elektrik",IF(LEFT(C26,2)="PP","Pipa Pompa",IF(LEFT(C26,2)="IC","ICI",IF(LEFT(C26,2)="PI","Pipamas","")))) -> Elektrik | C26: ELSLE89 | D26: KRISNA ADI NUGRAHA | E26: 46066 | G26: =VLOOKUP(Table7910111213[[#This Row],[Februari]],'Clean Data HR'!$G$2:$H$102,2,0) -> PMD2602008 | H26: 8330055473 | I26: KRISNA ADI NUGRAHA | J26: =Table7910111213[[#This Row],[Februari]]=Table7910111213[[#This Row],[Data HR]] -> TRUE
A27: Bogor | B27: =IF(LEFT(C27,2)="EL","Elektrik",IF(LEFT(C27,2)="PP","Pipa Pompa",IF(LEFT(C27,2)="IC","ICI",IF(LEFT(C27,2)="PI","Pipamas","")))) -> Elektrik | C27: ELCOS08 | D27: ENDRIYANTO | E27: 44875 | G27: =VLOOKUP(Table7910111213[[#This Row],[Februari]],'Clean Data HR'!$G$2:$H$102,2,0) -> PMB2211002 | H27: 0380581647 | I27: ENDRIYANTO | J27: =Table7910111213[[#This Row],[Februari]]=Table7910111213[[#This Row],[Data HR]] -> TRUE
A28: Bogor | B28: =IF(LEFT(C28,2)="EL","Elektrik",IF(LEFT(C28,2)="PP","Pipa Pompa",IF(LEFT(C28,2)="IC","ICI",IF(LEFT(C28,2)="PI","Pipamas","")))) -> Elektrik | C28: ELSPV08 | D28: NANDA AMELIA | E28: 45414 | G28: =VLOOKUP(Table7910111213[[#This Row],[Februari]],'Clean Data HR'!$G$2:$H$102,2,0) -> PMB2405002 | H28: 0953571843 | I28: NANDA AMELIA | J28: =Table7910111213[[#This Row],[Februari]]=Table7910111213[[#This Row],[Data HR]] -> TRUE
A29: =IF(LEFT(RIGHT(C29,2),1)="0","Bandung",IF(LEFT(RIGHT(C29,2),1)="2","PCK",IF(LEFT(RIGHT(C29,2),1)="6","Cirebon",IF(LEFT(RIGHT(C29,2),1)="7","Tasik",IF(LEFT(RIGHT(C29,2),1)="8","Bogor",""))))) -> Bandung | B29: =IF(LEFT(C29,2)="EL","Elektrik",IF(LEFT(C29,2)="PP","Pipa Pompa",IF(LEFT(C29,2)="IC","ICI",IF(LEFT(C29,2)="PI","Pipamas","")))) -> ICI | C29: ICSLM01 | D29: IKHWAN FIDDIN | E29: 45139 | G29: =VLOOKUP(Table7910111213[[#This Row],[Februari]],'Clean Data HR'!$G$2:$H$102,2,0) -> PMD2308002 | H29: 2832258475 | I29: IKHWAN FIDDIN | J29: =Table7910111213[[#This Row],[Februari]]=Table7910111213[[#This Row],[Data HR]] -> TRUE
A30: =IF(LEFT(RIGHT(C30,2),1)="0","Bandung",IF(LEFT(RIGHT(C30,2),1)="2","PCK",IF(LEFT(RIGHT(C30,2),1)="6","Cirebon",IF(LEFT(RIGHT(C30,2),1)="7","Tasik",IF(LEFT(RIGHT(C30,2),1)="8","Bogor",""))))) -> Bandung | B30: =IF(LEFT(C30,2)="EL","Elektrik",IF(LEFT(C30,2)="PP","Pipa Pompa",IF(LEFT(C30,2)="IC","ICI",IF(LEFT(C30,2)="PI","Pipamas","")))) -> ICI | C30: ICSLM03 | D30: WAHYU RANGGA PERMANA | E30: 46057 | G30: =VLOOKUP(Table7910111213[[#This Row],[Februari]],'Clean Data HR'!$G$2:$H$102,2,0) -> PMD2602002 | H30: 7405373343 | I30: WAHYU RANGGA PERMANA | J30: =Table7910111213[[#This Row],[Februari]]=Table7910111213[[#This Row],[Data HR]] -> TRUE | K30: Pengganti Dadan Hardiansyah Putra
A31: =IF(LEFT(RIGHT(C31,2),1)="0","Bandung",IF(LEFT(RIGHT(C31,2),1)="2","PCK",IF(LEFT(RIGHT(C31,2),1)="6","Cirebon",IF(LEFT(RIGHT(C31,2),1)="7","Tasik",IF(LEFT(RIGHT(C31,2),1)="8","Bogor",""))))) -> Bandung | B31: =IF(LEFT(C31,2)="EL","Elektrik",IF(LEFT(C31,2)="PP","Pipa Pompa",IF(LEFT(C31,2)="IC","ICI",IF(LEFT(C31,2)="PI","Pipamas","")))) -> ICI | C31: ICSLM05 | D31: SATRIA PAMUNGKAS | E31: 44732 | G31: =VLOOKUP(Table7910111213[[#This Row],[Februari]],'Clean Data HR'!$G$2:$H$102,2,0) -> PMD2206002 | H31: 4372932876 | I31: SATRIA PAMUNGKAS | J31: =Table7910111213[[#This Row],[Februari]]=Table7910111213[[#This Row],[Data HR]] -> TRUE
A32: =IF(LEFT(RIGHT(C32,2),1)="0","Bandung",IF(LEFT(RIGHT(C32,2),1)="2","PCK",IF(LEFT(RIGHT(C32,2),1)="6","Cirebon",IF(LEFT(RIGHT(C32,2),1)="7","Tasik",IF(LEFT(RIGHT(C32,2),1)="8","Bogor",""))))) -> Bandung | B32: =IF(LEFT(C32,2)="EL","Elektrik",IF(LEFT(C32,2)="PP","Pipa Pompa",IF(LEFT(C32,2)="IC","ICI",IF(LEFT(C32,2)="PI","Pipamas","")))) -> ICI | C32: ICSLM06 | D32: RAHMAT HIDAYAT | E32: 44525 | G32: =VLOOKUP(Table7910111213[[#This Row],[Februari]],'Clean Data HR'!$G$2:$H$102,2,0) -> PMD2111013 | H32: 2830825579 | I32: RAHMAT HIDAYAT | J32: =Table7910111213[[#This Row],[Februari]]=Table7910111213[[#This Row],[Data HR]] -> TRUE
A33: =IF(LEFT(RIGHT(C33,2),1)="0","Bandung",IF(LEFT(RIGHT(C33,2),1)="2","PCK",IF(LEFT(RIGHT(C33,2),1)="6","Cirebon",IF(LEFT(RIGHT(C33,2),1)="7","Tasik",IF(LEFT(RIGHT(C33,2),1)="8","Bogor",""))))) -> Bandung | B33: =IF(LEFT(C33,2)="EL","Elektrik",IF(LEFT(C33,2)="PP","Pipa Pompa",IF(LEFT(C33,2)="IC","ICI",IF(LEFT(C33,2)="PI","Pipamas","")))) -> ICI | C33: ICSLM07 | D33: HARRY HAERUDIN, S.PD | E33: 43297 | G33: PMD1807011 | H33: 2831431212 | I33: HARRY HAERUDIN, S.PD | J33: =Table7910111213[[#This Row],[Februari]]=Table7910111213[[#This Row],[Data HR]] -> TRUE
A34: =IF(LEFT(RIGHT(C34,2),1)="0","Bandung",IF(LEFT(RIGHT(C34,2),1)="2","PCK",IF(LEFT(RIGHT(C34,2),1)="6","Cirebon",IF(LEFT(RIGHT(C34,2),1)="7","Tasik",IF(LEFT(RIGHT(C34,2),1)="8","Bogor",""))))) -> Bandung | B34: =IF(LEFT(C34,2)="EL","Elektrik",IF(LEFT(C34,2)="PP","Pipa Pompa",IF(LEFT(C34,2)="IC","ICI",IF(LEFT(C34,2)="PI","Pipamas","")))) -> ICI | C34: ICSLM08 | D34: MOCH ARMANDO VEBBY | E34: 44533 | G34: =VLOOKUP(Table7910111213[[#This Row],[Februari]],'Clean Data HR'!$G$2:$H$102,2,0) -> PMD2112004 | H34: 1393317101 | I34: MOCH ARMANDO VEBBY | J34: =Table7910111213[[#This Row],[Februari]]=Table7910111213[[#This Row],[Data HR]] -> TRUE
A35: =IF(LEFT(RIGHT(C35,2),1)="0","Bandung",IF(LEFT(RIGHT(C35,2),1)="2","PCK",IF(LEFT(RIGHT(C35,2),1)="6","Cirebon",IF(LEFT(RIGHT(C35,2),1)="7","Tasik",IF(LEFT(RIGHT(C35,2),1)="8","Bogor",""))))) -> Bandung | B35: =IF(LEFT(C35,2)="EL","Elektrik",IF(LEFT(C35,2)="PP","Pipa Pompa",IF(LEFT(C35,2)="IC","ICI",IF(LEFT(C35,2)="PI","Pipamas","")))) -> ICI | C35: ICSLM09 | D35: ANDI KURNIAWAN | E35: 44572 | G35: =VLOOKUP(Table7910111213[[#This Row],[Februari]],'Clean Data HR'!$G$2:$H$102,2,0) -> PMD2201008 | H35: 1760203960 | I35: ANDI KURNIAWAN | J35: =Table7910111213[[#This Row],[Februari]]=Table7910111213[[#This Row],[Data HR]] -> TRUE
A36: =IF(LEFT(RIGHT(C36,2),1)="0","Bandung",IF(LEFT(RIGHT(C36,2),1)="2","PCK",IF(LEFT(RIGHT(C36,2),1)="6","Cirebon",IF(LEFT(RIGHT(C36,2),1)="7","Tasik",IF(LEFT(RIGHT(C36,2),1)="8","Bogor",""))))) -> Bandung | B36: =IF(LEFT(C36,2)="EL","Elektrik",IF(LEFT(C36,2)="PP","Pipa Pompa",IF(LEFT(C36,2)="IC","ICI",IF(LEFT(C36,2)="PI","Pipamas","")))) -> ICI | C36: ICSLM09 | D36: ANTONIUS | E36: 46073 | G36: =VLOOKUP(Table7910111213[[#This Row],[Februari]],'Clean Data HR'!$G$2:$H$102,2,0) -> PMD2602010 | H36: 5150095231 | I36: ANTONIUS | J36: =Table7910111213[[#This Row],[Februari]]=Table7910111213[[#This Row],[Data HR]] -> TRUE
A37: =IF(LEFT(RIGHT(C37,2),1)="0","Bandung",IF(LEFT(RIGHT(C37,2),1)="2","PCK",IF(LEFT(RIGHT(C37,2),1)="6","Cirebon",IF(LEFT(RIGHT(C37,2),1)="7","Tasik",IF(LEFT(RIGHT(C37,2),1)="8","Bogor",""))))) -> PCK | B37: =IF(LEFT(C37,2)="EL","Elektrik",IF(LEFT(C37,2)="PP","Pipa Pompa",IF(LEFT(C37,2)="IC","ICI",IF(LEFT(C37,2)="PI","Pipamas","")))) -> ICI | C37: ICSLM21 | D37: UJANG SULAEMAN | E37: 44137 | G37: =VLOOKUP(Table7910111213[[#This Row],[Februari]],'Clean Data HR'!$G$2:$H$102,2,0) -> PMK2011003 | H37: 3780397925 | I37: UJANG SULAEMAN | J37: =Table7910111213[[#This Row],[Februari]]=Table7910111213[[#This Row],[Data HR]] -> TRUE
A38: =IF(LEFT(RIGHT(C38,2),1)="0","Bandung",IF(LEFT(RIGHT(C38,2),1)="2","PCK",IF(LEFT(RIGHT(C38,2),1)="6","Cirebon",IF(LEFT(RIGHT(C38,2),1)="7","Tasik",IF(LEFT(RIGHT(C38,2),1)="8","Bogor",""))))) -> PCK | B38: =IF(LEFT(C38,2)="EL","Elektrik",IF(LEFT(C38,2)="PP","Pipa Pompa",IF(LEFT(C38,2)="IC","ICI",IF(LEFT(C38,2)="PI","Pipamas","")))) -> ICI | C38: ICSLM22 | D38: AHMAD SANUSI | E38: 45894 | G38: =VLOOKUP(Table7910111213[[#This Row],[Februari]],'Clean Data HR'!$G$2:$H$102,2,0) -> PMD2508008 | H38: 5745718288 | I38: AHMAD SANUSI | J38: =Table7910111213[[#This Row],[Februari]]=Table7910111213[[#This Row],[Data HR]] -> TRUE
A39: =IF(LEFT(RIGHT(C39,2),1)="0","Bandung",IF(LEFT(RIGHT(C39,2),1)="2","PCK",IF(LEFT(RIGHT(C39,2),1)="6","Cirebon",IF(LEFT(RIGHT(C39,2),1)="7","Tasik",IF(LEFT(RIGHT(C39,2),1)="8","Bogor",""))))) -> PCK | B39: =IF(LEFT(C39,2)="EL","Elektrik",IF(LEFT(C39,2)="PP","Pipa Pompa",IF(LEFT(C39,2)="IC","ICI",IF(LEFT(C39,2)="PI","Pipamas","")))) -> ICI | C39: ICSLM23 | D39: BONAR JUMADA | E39: 43349 | G39: =VLOOKUP(Table7910111213[[#This Row],[Februari]],'Clean Data HR'!$G$2:$H$102,2,0) -> PMK1809003 | H39: 5770551341 | I39: BONAR JUMADA | J39: =Table7910111213[[#This Row],[Februari]]=Table7910111213[[#This Row],[Data HR]] -> TRUE
A40: =IF(LEFT(RIGHT(C40,2),1)="0","Bandung",IF(LEFT(RIGHT(C40,2),1)="2","PCK",IF(LEFT(RIGHT(C40,2),1)="6","Cirebon",IF(LEFT(RIGHT(C40,2),1)="7","Tasik",IF(LEFT(RIGHT(C40,2),1)="8","Bogor",""))))) -> PCK | B40: =IF(LEFT(C40,2)="EL","Elektrik",IF(LEFT(C40,2)="PP","Pipa Pompa",IF(LEFT(C40,2)="IC","ICI",IF(LEFT(C40,2)="PI","Pipamas","")))) -> ICI | C40: ICSLM28 | D40: ADHI GUSTIANA | E40: 43332 | G40: PMK1808008 | H40: 2310272283 | I40: ADHI GUSTIANA | J40: =Table7910111213[[#This Row],[Februari]]=Table7910111213[[#This Row],[Data HR]] -> TRUE
A41: =IF(LEFT(RIGHT(C41,2),1)="0","Bandung",IF(LEFT(RIGHT(C41,2),1)="2","PCK",IF(LEFT(RIGHT(C41,2),1)="6","Cirebon",IF(LEFT(RIGHT(C41,2),1)="7","Tasik",IF(LEFT(RIGHT(C41,2),1)="8","Bogor",""))))) -> Tasik | B41: =IF(LEFT(C41,2)="EL","Elektrik",IF(LEFT(C41,2)="PP","Pipa Pompa",IF(LEFT(C41,2)="IC","ICI",IF(LEFT(C41,2)="PI","Pipamas","")))) -> ICI | C41: ICSLM71 | D41: FAIZAL ABDUL JABBAR | E41: 44533 | G41: =VLOOKUP(Table7910111213[[#This Row],[Februari]],'Clean Data HR'!$G$2:$H$102,2,0) -> PMT2112005 | H41: 3210847285 | I41: FAIZAL ABDUL JABBAR | J41: =Table7910111213[[#This Row],[Februari]]=Table7910111213[[#This Row],[Data HR]] -> TRUE
A42: =IF(LEFT(RIGHT(C42,2),1)="0","Bandung",IF(LEFT(RIGHT(C42,2),1)="2","PCK",IF(LEFT(RIGHT(C42,2),1)="6","Cirebon",IF(LEFT(RIGHT(C42,2),1)="7","Tasik",IF(LEFT(RIGHT(C42,2),1)="8","Bogor",""))))) -> Tasik | B42: =IF(LEFT(C42,2)="EL","Elektrik",IF(LEFT(C42,2)="PP","Pipa Pompa",IF(LEFT(C42,2)="IC","ICI",IF(LEFT(C42,2)="PI","Pipamas","")))) -> ICI | C42: ICSLM72 | D42: SEPTIAN HERMANSYAH | E42: 44781 | G42: =VLOOKUP(Table7910111213[[#This Row],[Februari]],'Clean Data HR'!$G$2:$H$102,2,0) -> PMT2208001 | H42: 3210939872 | I42: SEPTIAN HERMANSYAH | J42: =Table7910111213[[#This Row],[Februari]]=Table7910111213[[#This Row],[Data HR]] -> TRUE
A43: =IF(LEFT(RIGHT(C43,2),1)="0","Bandung",IF(LEFT(RIGHT(C43,2),1)="2","PCK",IF(LEFT(RIGHT(C43,2),1)="6","Cirebon",IF(LEFT(RIGHT(C43,2),1)="7","Tasik",IF(LEFT(RIGHT(C43,2),1)="8","Bogor",""))))) -> Tasik | B43: =IF(LEFT(C43,2)="EL","Elektrik",IF(LEFT(C43,2)="PP","Pipa Pompa",IF(LEFT(C43,2)="IC","ICI",IF(LEFT(C43,2)="PI","Pipamas","")))) -> ICI | C43: ICSLM73 | D43: NANDANG TATA YUSMANA | E43: 45824 | G43: =VLOOKUP(Table7910111213[[#This Row],[Februari]],'Clean Data HR'!$G$2:$H$102,2,0) -> PMT2506002 | H43: 0541621678 | I43: NANDANG TATA YUSMANA | J43: =Table7910111213[[#This Row],[Februari]]=Table7910111213[[#This Row],[Data HR]] -> TRUE
A44: Bogor | B44: =IF(LEFT(C44,2)="EL","Elektrik",IF(LEFT(C44,2)="PP","Pipa Pompa",IF(LEFT(C44,2)="IC","ICI",IF(LEFT(C44,2)="PI","Pipamas","")))) -> ICI | C44: ICCOS08 | D44: RAMLI NASUTION | E44: 45817 | G44: =VLOOKUP(Table7910111213[[#This Row],[Februari]],'Clean Data HR'!$G$2:$H$102,2,0) -> PMB2506001 | H44: 7380496873 | I44: RAMLI NASUTION | J44: =Table7910111213[[#This Row],[Februari]]=Table7910111213[[#This Row],[Data HR]] -> TRUE
A45: =IF(LEFT(RIGHT(C45,2),1)="0","Bandung",IF(LEFT(RIGHT(C45,2),1)="2","PCK",IF(LEFT(RIGHT(C45,2),1)="6","Cirebon",IF(LEFT(RIGHT(C45,2),1)="7","Tasik",IF(LEFT(RIGHT(C45,2),1)="8","Bogor",""))))) -> Bogor | B45: =IF(LEFT(C45,2)="EL","Elektrik",IF(LEFT(C45,2)="PP","Pipa Pompa",IF(LEFT(C45,2)="IC","ICI",IF(LEFT(C45,2)="PI","Pipamas","")))) -> ICI | C45: ICSLM81 | D45: ASEP PERMANA NOOR | E45: 45426 | G45: =VLOOKUP(Table7910111213[[#This Row],[Februari]],'Clean Data HR'!$G$2:$H$102,2,0) -> PMB2405006 | H45: 0953412346 | I45: ASEP PERMANA NOOR | J45: =Table7910111213[[#This Row],[Februari]]=Table7910111213[[#This Row],[Data HR]] -> TRUE
A46: =IF(LEFT(RIGHT(C46,2),1)="0","Bandung",IF(LEFT(RIGHT(C46,2),1)="2","PCK",IF(LEFT(RIGHT(C46,2),1)="6","Cirebon",IF(LEFT(RIGHT(C46,2),1)="7","Tasik",IF(LEFT(RIGHT(C46,2),1)="8","Bogor",""))))) -> Bogor | B46: =IF(LEFT(C46,2)="EL","Elektrik",IF(LEFT(C46,2)="PP","Pipa Pompa",IF(LEFT(C46,2)="IC","ICI",IF(LEFT(C46,2)="PI","Pipamas","")))) -> ICI | C46: ICSLM82 | D46: FAJAR NUGRAHA | E46: 45616 | G46: =VLOOKUP(Table7910111213[[#This Row],[Februari]],'Clean Data HR'!$G$2:$H$102,2,0) -> PMB2411002 | H46: 1672882235 | I46: FAJAR NUGRAHA | J46: =Table7910111213[[#This Row],[Februari]]=Table7910111213[[#This Row],[Data HR]] -> TRUE
A47: =IF(LEFT(RIGHT(C47,2),1)="0","Bandung",IF(LEFT(RIGHT(C47,2),1)="2","PCK",IF(LEFT(RIGHT(C47,2),1)="6","Cirebon",IF(LEFT(RIGHT(C47,2),1)="7","Tasik",IF(LEFT(RIGHT(C47,2),1)="8","Bogor",""))))) -> Bogor | B47: =IF(LEFT(C47,2)="EL","Elektrik",IF(LEFT(C47,2)="PP","Pipa Pompa",IF(LEFT(C47,2)="IC","ICI",IF(LEFT(C47,2)="PI","Pipamas","")))) -> ICI | C47: ICSLM83 | D47: ZAENUDIN | E47: 44341 | G47: =VLOOKUP(Table7910111213[[#This Row],[Februari]],'Clean Data HR'!$G$2:$H$102,2,0) -> PMB2105004 | H47: 8720710197 | I47: ZAENUDIN | J47: =Table7910111213[[#This Row],[Februari]]=Table7910111213[[#This Row],[Data HR]] -> TRUE
A48: =IF(LEFT(RIGHT(C48,2),1)="0","Bandung",IF(LEFT(RIGHT(C48,2),1)="2","PCK",IF(LEFT(RIGHT(C48,2),1)="6","Cirebon",IF(LEFT(RIGHT(C48,2),1)="7","Tasik",IF(LEFT(RIGHT(C48,2),1)="8","Bogor",""))))) -> Bogor | B48: =IF(LEFT(C48,2)="EL","Elektrik",IF(LEFT(C48,2)="PP","Pipa Pompa",IF(LEFT(C48,2)="IC","ICI",IF(LEFT(C48,2)="PI","Pipamas","")))) -> ICI | C48: ICSLM84 | D48: LUCKY GEMA CHRISTYAN SYAH | E48: 43731 | G48: =VLOOKUP(Table7910111213[[#This Row],[Februari]],'Clean Data HR'!$G$2:$H$102,2,0) -> PMB1909012 | H48: 3370017751 | I48: LUCKY GEMA CHRISTYAN SYAH | J48: =Table7910111213[[#This Row],[Februari]]=Table7910111213[[#This Row],[Data HR]] -> TRUE
A49: =IF(LEFT(RIGHT(C49,2),1)="0","Bandung",IF(LEFT(RIGHT(C49,2),1)="2","PCK",IF(LEFT(RIGHT(C49,2),1)="6","Cirebon",IF(LEFT(RIGHT(C49,2),1)="7","Tasik",IF(LEFT(RIGHT(C49,2),1)="8","Bogor",""))))) -> Bogor | B49: =IF(LEFT(C49,2)="EL","Elektrik",IF(LEFT(C49,2)="PP","Pipa Pompa",IF(LEFT(C49,2)="IC","ICI",IF(LEFT(C49,2)="PI","Pipamas","")))) -> ICI | C49: ICSLM85 | D49: VACANT | E49: 0 | G49: =VLOOKUP(Table7910111213[[#This Row],[Februari]],'Clean Data HR'!$G$2:$H$102,2,0) -> #N/A | H49: 0 | I49: Sales tidak ada di data HR | J49: =Table7910111213[[#This Row],[Februari]]=Table7910111213[[#This Row],[Data HR]] -> FALSE
A50: Bogor | B50: =IF(LEFT(C50,2)="EL","Elektrik",IF(LEFT(C50,2)="PP","Pipa Pompa",IF(LEFT(C50,2)="IC","ICI",IF(LEFT(C50,2)="PI","Pipamas","")))) -> ICI | C50: ICSPV08 | D50: ZAINAL HAKIKI | E50: 45901 | G50: =VLOOKUP(Table7910111213[[#This Row],[Februari]],'Clean Data HR'!$G$2:$H$102,2,0) -> PMD2509001 | H50: 6820539786 | I50: ZAINAL HAKIKI | J50: =Table7910111213[[#This Row],[Februari]]=Table7910111213[[#This Row],[Data HR]] -> TRUE
A51: =IF(LEFT(RIGHT(C51,2),1)="0","Bandung",IF(LEFT(RIGHT(C51,2),1)="2","PCK",IF(LEFT(RIGHT(C51,2),1)="6","Cirebon",IF(LEFT(RIGHT(C51,2),1)="7","Tasik",IF(LEFT(RIGHT(C51,2),1)="8","Bogor",""))))) -> Bandung | B51: =IF(LEFT(C51,2)="EL","Elektrik",IF(LEFT(C51,2)="PP","Pipa Pompa",IF(LEFT(C51,2)="IC","ICI",IF(LEFT(C51,2)="PI","Pipamas","")))) -> Pipamas | C51: PISLP01 | D51: ASEP SOPIYAN | E51: 45896 | G51: =VLOOKUP(Table7910111213[[#This Row],[Februari]],'Clean Data HR'!$G$2:$H$102,2,0) -> PMD2508010 | H51: 3790592777 | I51: ASEP SOPIYAN | J51: =Table7910111213[[#This Row],[Februari]]=Table7910111213[[#This Row],[Data HR]] -> TRUE
A52: =IF(LEFT(RIGHT(C52,2),1)="0","Bandung",IF(LEFT(RIGHT(C52,2),1)="2","PCK",IF(LEFT(RIGHT(C52,2),1)="6","Cirebon",IF(LEFT(RIGHT(C52,2),1)="7","Tasik",IF(LEFT(RIGHT(C52,2),1)="8","Bogor",""))))) -> Bandung | B52: =IF(LEFT(C52,2)="EL","Elektrik",IF(LEFT(C52,2)="PP","Pipa Pompa",IF(LEFT(C52,2)="IC","ICI",IF(LEFT(C52,2)="PI","Pipamas","")))) -> Pipamas | C52: PISLP02 | D52: HARI WIHARYANA | E52: 45904 | G52: =VLOOKUP(Table7910111213[[#This Row],[Februari]],'Clean Data HR'!$G$2:$H$102,2,0) -> PMD2509003 | H52: 2800939910 | I52: HARI WIHARYANA | J52: =Table7910111213[[#This Row],[Februari]]=Table7910111213[[#This Row],[Data HR]] -> TRUE
A53: =IF(LEFT(RIGHT(C53,2),1)="0","Bandung",IF(LEFT(RIGHT(C53,2),1)="2","PCK",IF(LEFT(RIGHT(C53,2),1)="6","Cirebon",IF(LEFT(RIGHT(C53,2),1)="7","Tasik",IF(LEFT(RIGHT(C53,2),1)="8","Bogor",""))))) -> Bandung | B53: =IF(LEFT(C53,2)="EL","Elektrik",IF(LEFT(C53,2)="PP","Pipa Pompa",IF(LEFT(C53,2)="IC","ICI",IF(LEFT(C53,2)="PI","Pipamas","")))) -> Pipamas | C53: PISLP03 | D53: VACANT | E53: 0 | G53: =VLOOKUP(Table7910111213[[#This Row],[Februari]],'Clean Data HR'!$G$2:$H$102,2,0) -> #N/A | H53: 0 | I53: Sales tidak ada di data HR | J53: =Table7910111213[[#This Row],[Februari]]=Table7910111213[[#This Row],[Data HR]] -> FALSE
A54: =IF(LEFT(RIGHT(C54,2),1)="0","Bandung",IF(LEFT(RIGHT(C54,2),1)="2","PCK",IF(LEFT(RIGHT(C54,2),1)="6","Cirebon",IF(LEFT(RIGHT(C54,2),1)="7","Tasik",IF(LEFT(RIGHT(C54,2),1)="8","Bogor",""))))) -> Bandung | B54: =IF(LEFT(C54,2)="EL","Elektrik",IF(LEFT(C54,2)="PP","Pipa Pompa",IF(LEFT(C54,2)="IC","ICI",IF(LEFT(C54,2)="PI","Pipamas","")))) -> Pipamas | C54: PISLP04 | D54: GUGUN HANAFI | E54: kosong | G54: =VLOOKUP(Table7910111213[[#This Row],[Februari]],'Clean Data HR'!$G$2:$H$102,2,0) -> PMD2503004 | H54: 1560108695 | I54: GUGUN HANAFI | J54: =Table7910111213[[#This Row],[Februari]]=Table7910111213[[#This Row],[Data HR]] -> TRUE
A55: =IF(LEFT(RIGHT(C55,2),1)="0","Bandung",IF(LEFT(RIGHT(C55,2),1)="2","PCK",IF(LEFT(RIGHT(C55,2),1)="6","Cirebon",IF(LEFT(RIGHT(C55,2),1)="7","Tasik",IF(LEFT(RIGHT(C55,2),1)="8","Bogor",""))))) -> Bandung | B55: =IF(LEFT(C55,2)="EL","Elektrik",IF(LEFT(C55,2)="PP","Pipa Pompa",IF(LEFT(C55,2)="IC","ICI",IF(LEFT(C55,2)="PI","Pipamas","")))) -> Pipamas | C55: PISLP05 | D55: VACANT | E55: 0 | G55: =VLOOKUP(Table7910111213[[#This Row],[Februari]],'Clean Data HR'!$G$2:$H$102,2,0) -> #N/A | H55: 0 | I55: Sales tidak ada di data HR | J55: =Table7910111213[[#This Row],[Februari]]=Table7910111213[[#This Row],[Data HR]] -> FALSE
A56: =IF(LEFT(RIGHT(C56,2),1)="0","Bandung",IF(LEFT(RIGHT(C56,2),1)="2","PCK",IF(LEFT(RIGHT(C56,2),1)="6","Cirebon",IF(LEFT(RIGHT(C56,2),1)="7","Tasik",IF(LEFT(RIGHT(C56,2),1)="8","Bogor",""))))) -> Bandung | B56: =IF(LEFT(C56,2)="EL","Elektrik",IF(LEFT(C56,2)="PP","Pipa Pompa",IF(LEFT(C56,2)="IC","ICI",IF(LEFT(C56,2)="PI","Pipamas","")))) -> Pipamas | C56: PISLP06 | D56: ADITYA MUHAMMAD RAMDHAN | E56: 45727 | G56: =VLOOKUP(Table7910111213[[#This Row],[Februari]],'Clean Data HR'!$G$2:$H$102,2,0) -> PMD2503003 | H56: 7750965185 | I56: ADITYA MUHAMMAD RAMDHAN | J56: =Table7910111213[[#This Row],[Februari]]=Table7910111213[[#This Row],[Data HR]] -> TRUE
A57: =IF(LEFT(RIGHT(C57,2),1)="0","Bandung",IF(LEFT(RIGHT(C57,2),1)="2","PCK",IF(LEFT(RIGHT(C57,2),1)="6","Cirebon",IF(LEFT(RIGHT(C57,2),1)="7","Tasik",IF(LEFT(RIGHT(C57,2),1)="8","Bogor",""))))) -> Bandung | B57: =IF(LEFT(C57,2)="EL","Elektrik",IF(LEFT(C57,2)="PP","Pipa Pompa",IF(LEFT(C57,2)="IC","ICI",IF(LEFT(C57,2)="PI","Pipamas","")))) -> Pipamas | C57: PISLP07 | D57: BAGUS GUMILAR | E57: 44858 | G57: =VLOOKUP(Table7910111213[[#This Row],[Februari]],'Clean Data HR'!$G$2:$H$102,2,0) -> PMD2210008 | H57: 0083879235 | I57: BAGUS GUMILAR | J57: =Table7910111213[[#This Row],[Februari]]=Table7910111213[[#This Row],[Data HR]] -> TRUE
A58: =IF(LEFT(RIGHT(C58,2),1)="0","Bandung",IF(LEFT(RIGHT(C58,2),1)="2","PCK",IF(LEFT(RIGHT(C58,2),1)="6","Cirebon",IF(LEFT(RIGHT(C58,2),1)="7","Tasik",IF(LEFT(RIGHT(C58,2),1)="8","Bogor",""))))) -> Bandung | B58: =IF(LEFT(C58,2)="EL","Elektrik",IF(LEFT(C58,2)="PP","Pipa Pompa",IF(LEFT(C58,2)="IC","ICI",IF(LEFT(C58,2)="PI","Pipamas","")))) -> Pipamas | C58: PISLP08 | D58: MUHAMMAD RIKI SAFARI | E58: 45792 | G58: =VLOOKUP(Table7910111213[[#This Row],[Februari]],'Clean Data HR'!$G$2:$H$102,2,0) -> PMD2109007 | H58: 2831290783 | I58: MUHAMMAD RIKI SAFARI | J58: =Table7910111213[[#This Row],[Februari]]=Table7910111213[[#This Row],[Data HR]] -> TRUE
A59: =IF(LEFT(RIGHT(C59,2),1)="0","Bandung",IF(LEFT(RIGHT(C59,2),1)="2","PCK",IF(LEFT(RIGHT(C59,2),1)="6","Cirebon",IF(LEFT(RIGHT(C59,2),1)="7","Tasik",IF(LEFT(RIGHT(C59,2),1)="8","Bogor",""))))) -> Bandung | B59: =IF(LEFT(C59,2)="EL","Elektrik",IF(LEFT(C59,2)="PP","Pipa Pompa",IF(LEFT(C59,2)="IC","ICI",IF(LEFT(C59,2)="PI","Pipamas","")))) -> Pipamas | C59: PISLP09 | D59: IKHSAN MAULANA YUSUF | E59: 45887 | G59: =VLOOKUP(Table7910111213[[#This Row],[Februari]],'Clean Data HR'!$G$2:$H$102,2,0) -> PMD2508004 | H59: 8320689768 | I59: IKHSAN MAULANA YUSUF | J59: =Table7910111213[[#This Row],[Februari]]=Table7910111213[[#This Row],[Data HR]] -> TRUE
A60: Bandung | B60: =IF(LEFT(C60,2)="EL","Elektrik",IF(LEFT(C60,2)="PP","Pipa Pompa",IF(LEFT(C60,2)="IC","ICI",IF(LEFT(C60,2)="PI","Pipamas","")))) -> Pipamas | C60: PISLP10 | D60: ANRE IKHSAN ROSYADI | E60: 45792 | G60: =VLOOKUP(Table7910111213[[#This Row],[Februari]],'Clean Data HR'!$G$2:$H$102,2,0) -> PMD2505002 | H60: 4310478577 | I60: ANRE IKHSAN ROSYADI | J60: =Table7910111213[[#This Row],[Februari]]=Table7910111213[[#This Row],[Data HR]] -> TRUE
A61: Bandung | B61: =IF(LEFT(C61,2)="EL","Elektrik",IF(LEFT(C61,2)="PP","Pipa Pompa",IF(LEFT(C61,2)="IC","ICI",IF(LEFT(C61,2)="PI","Pipamas","")))) -> Pipamas | C61: PISLP11 | D61: RIZAL ZAELANI | E61: 45996 | G61: =VLOOKUP(Table7910111213[[#This Row],[Februari]],'Clean Data HR'!$G$2:$H$102,2,0) -> PMD2512003 | H61: 4461503378 | I61: RIZAL ZAELANI | J61: =Table7910111213[[#This Row],[Februari]]=Table7910111213[[#This Row],[Data HR]] -> TRUE
A62: =IF(LEFT(RIGHT(C62,2),1)="0","Bandung",IF(LEFT(RIGHT(C62,2),1)="2","PCK",IF(LEFT(RIGHT(C62,2),1)="6","Cirebon",IF(LEFT(RIGHT(C62,2),1)="7","Tasik",IF(LEFT(RIGHT(C62,2),1)="8","Bogor",""))))) -> Bandung | B62: =IF(LEFT(C62,2)="EL","Elektrik",IF(LEFT(C62,2)="PP","Pipa Pompa",IF(LEFT(C62,2)="IC","ICI",IF(LEFT(C62,2)="PI","Pipamas","")))) -> Pipamas | C62: PICOS01 | D62: RICKI GALIH GINANJAR | E62: 45169 | G62: =VLOOKUP(Table7910111213[[#This Row],[Februari]],'Clean Data HR'!$G$2:$H$102,2,0) -> PMD2207003 | H62: 1560107931 | I62: RICKI GALIH GINANJAR | J62: =Table7910111213[[#This Row],[Februari]]=Table7910111213[[#This Row],[Data HR]] -> TRUE
A63: Bandung | B63: =IF(LEFT(C63,2)="EL","Elektrik",IF(LEFT(C63,2)="PP","Pipa Pompa",IF(LEFT(C63,2)="IC","ICI",IF(LEFT(C63,2)="PI","Pipamas","")))) -> Pipamas | C63: PICOS21 | D63: BILLY SUGIARTO | E63: 46000 | G63: =VLOOKUP(Table7910111213[[#This Row],[Februari]],'Clean Data HR'!$G$2:$H$102,2,0) -> PMD2512006 | H63: 8090609018 | I63: BILLY SUGIARTO | J63: =Table7910111213[[#This Row],[Februari]]=Table7910111213[[#This Row],[Data HR]] -> TRUE
A64: =IF(LEFT(RIGHT(C64,2),1)="0","Bandung",IF(LEFT(RIGHT(C64,2),1)="2","PCK",IF(LEFT(RIGHT(C64,2),1)="6","Cirebon",IF(LEFT(RIGHT(C64,2),1)="7","Tasik",IF(LEFT(RIGHT(C64,2),1)="8","Bogor",""))))) -> PCK | B64: =IF(LEFT(C64,2)="EL","Elektrik",IF(LEFT(C64,2)="PP","Pipa Pompa",IF(LEFT(C64,2)="IC","ICI",IF(LEFT(C64,2)="PI","Pipamas","")))) -> Pipamas | C64: PISLP26 | D64: AFIF MUSTAFA | E64: 45104 | G64: =VLOOKUP(Table7910111213[[#This Row],[Februari]],'Clean Data HR'!$G$2:$H$102,2,0) -> PMK2306002 | H64: 0662788285 | I64: AFIF MUSTAFA | J64: =Table7910111213[[#This Row],[Februari]]=Table7910111213[[#This Row],[Data HR]] -> TRUE
A65: =IF(LEFT(RIGHT(C65,2),1)="0","Bandung",IF(LEFT(RIGHT(C65,2),1)="2","PCK",IF(LEFT(RIGHT(C65,2),1)="6","Cirebon",IF(LEFT(RIGHT(C65,2),1)="7","Tasik",IF(LEFT(RIGHT(C65,2),1)="8","Bogor",""))))) -> Cirebon | B65: =IF(LEFT(C65,2)="EL","Elektrik",IF(LEFT(C65,2)="PP","Pipa Pompa",IF(LEFT(C65,2)="IC","ICI",IF(LEFT(C65,2)="PI","Pipamas","")))) -> Pipamas | C65: PISLP60 | D65: BUDI HANDOKO | E65: 45841 | G65: =VLOOKUP(Table7910111213[[#This Row],[Februari]],'Clean Data HR'!$G$2:$H$102,2,0) -> PMC2507001 | H65: 8180252151 | I65: BUDI HANDOKO | J65: =Table7910111213[[#This Row],[Februari]]=Table7910111213[[#This Row],[Data HR]] -> TRUE
A66: =IF(LEFT(RIGHT(C66,2),1)="0","Bandung",IF(LEFT(RIGHT(C66,2),1)="2","PCK",IF(LEFT(RIGHT(C66,2),1)="6","Cirebon",IF(LEFT(RIGHT(C66,2),1)="7","Tasik",IF(LEFT(RIGHT(C66,2),1)="8","Bogor",""))))) -> Cirebon | B66: =IF(LEFT(C66,2)="EL","Elektrik",IF(LEFT(C66,2)="PP","Pipa Pompa",IF(LEFT(C66,2)="IC","ICI",IF(LEFT(C66,2)="PI","Pipamas","")))) -> Pipamas | C66: PISLP61 | D66: HERNADO | E66: 45824 | G66: =VLOOKUP(Table7910111213[[#This Row],[Februari]],'Clean Data HR'!$G$2:$H$102,2,0) -> PMC2506002 | H66: 1342304294 | I66: HERNADO | J66: =Table7910111213[[#This Row],[Februari]]=Table7910111213[[#This Row],[Data HR]] -> TRUE
A67: =IF(LEFT(RIGHT(C67,2),1)="0","Bandung",IF(LEFT(RIGHT(C67,2),1)="2","PCK",IF(LEFT(RIGHT(C67,2),1)="6","Cirebon",IF(LEFT(RIGHT(C67,2),1)="7","Tasik",IF(LEFT(RIGHT(C67,2),1)="8","Bogor",""))))) -> Cirebon | B67: =IF(LEFT(C67,2)="EL","Elektrik",IF(LEFT(C67,2)="PP","Pipa Pompa",IF(LEFT(C67,2)="IC","ICI",IF(LEFT(C67,2)="PI","Pipamas","")))) -> Pipamas | C67: PISLP62 | D67: MOCHAMAD TRIANA | E67: 45873 | G67: =VLOOKUP(Table7910111213[[#This Row],[Februari]],'Clean Data HR'!$G$2:$H$102,2,0) -> PMC2508001 | H67: 8180322745 | I67: MOCHAMAD TRIANA | J67: =Table7910111213[[#This Row],[Februari]]=Table7910111213[[#This Row],[Data HR]] -> TRUE
A68: =IF(LEFT(RIGHT(C68,2),1)="0","Bandung",IF(LEFT(RIGHT(C68,2),1)="2","PCK",IF(LEFT(RIGHT(C68,2),1)="6","Cirebon",IF(LEFT(RIGHT(C68,2),1)="7","Tasik",IF(LEFT(RIGHT(C68,2),1)="8","Bogor",""))))) -> Tasik | B68: =IF(LEFT(C68,2)="EL","Elektrik",IF(LEFT(C68,2)="PP","Pipa Pompa",IF(LEFT(C68,2)="IC","ICI",IF(LEFT(C68,2)="PI","Pipamas","")))) -> Pipamas | C68: PISLP71 | D68: DUDI SIDIK PERMANA | E68: 44835 | G68: =VLOOKUP(Table7910111213[[#This Row],[Februari]],'Clean Data HR'!$G$2:$H$102,2,0) -> PMT2209002 | H68: 2030529947 | I68: DUDI SIDIK PERMANA | J68: =Table7910111213[[#This Row],[Februari]]=Table7910111213[[#This Row],[Data HR]] -> TRUE
A69: =IF(LEFT(RIGHT(C69,2),1)="0","Bandung",IF(LEFT(RIGHT(C69,2),1)="2","PCK",IF(LEFT(RIGHT(C69,2),1)="6","Cirebon",IF(LEFT(RIGHT(C69,2),1)="7","Tasik",IF(LEFT(RIGHT(C69,2),1)="8","Bogor",""))))) -> Tasik | B69: =IF(LEFT(C69,2)="EL","Elektrik",IF(LEFT(C69,2)="PP","Pipa Pompa",IF(LEFT(C69,2)="IC","ICI",IF(LEFT(C69,2)="PI","Pipamas","")))) -> Pipamas | C69: PISLP72 | D69: JAKA PURNAMA | E69: 46064 | G69: =VLOOKUP(Table7910111213[[#This Row],[Februari]],'Clean Data HR'!$G$2:$H$102,2,0) -> PMD2602006 | H69: 6880400809 | I69: JAKA PURNAMA | J69: =Table7910111213[[#This Row],[Februari]]=Table7910111213[[#This Row],[Data HR]] -> TRUE | K69: Pengganti Rudi Ruswandi
A70: =IF(LEFT(RIGHT(C70,2),1)="0","Bandung",IF(LEFT(RIGHT(C70,2),1)="2","PCK",IF(LEFT(RIGHT(C70,2),1)="6","Cirebon",IF(LEFT(RIGHT(C70,2),1)="7","Tasik",IF(LEFT(RIGHT(C70,2),1)="8","Bogor",""))))) -> Tasik | B70: =IF(LEFT(C70,2)="EL","Elektrik",IF(LEFT(C70,2)="PP","Pipa Pompa",IF(LEFT(C70,2)="IC","ICI",IF(LEFT(C70,2)="PI","Pipamas","")))) -> Pipamas | C70: PISLP73 | D70: ERI APRILIAN RUSLIANA | E70: 45803 | G70: =VLOOKUP(Table7910111213[[#This Row],[Februari]],'Clean Data HR'!$G$2:$H$102,2,0) -> PMT2505001 | H70: 2080770807 | I70: ERI APRILIAN RUSLIANA | J70: =Table7910111213[[#This Row],[Februari]]=Table7910111213[[#This Row],[Data HR]] -> TRUE
A71: =IF(LEFT(RIGHT(C71,2),1)="0","Bandung",IF(LEFT(RIGHT(C71,2),1)="2","PCK",IF(LEFT(RIGHT(C71,2),1)="6","Cirebon",IF(LEFT(RIGHT(C71,2),1)="7","Tasik",IF(LEFT(RIGHT(C71,2),1)="8","Bogor",""))))) -> Tasik | B71: =IF(LEFT(C71,2)="EL","Elektrik",IF(LEFT(C71,2)="PP","Pipa Pompa",IF(LEFT(C71,2)="IC","ICI",IF(LEFT(C71,2)="PI","Pipamas","")))) -> Pipamas | C71: PISLP74 | D71: RD. SANNY SOEDJONO, SE | E71: 46069 | G71: =VLOOKUP(Table7910111213[[#This Row],[Februari]],'Clean Data HR'!$G$2:$H$102,2,0) -> PMD2602009 | H71: 2090803967 | I71: RD. SANNY SOEDJONO, SE | J71: =Table7910111213[[#This Row],[Februari]]=Table7910111213[[#This Row],[Data HR]] -> TRUE
A72: =IF(LEFT(RIGHT(C72,2),1)="0","Bandung",IF(LEFT(RIGHT(C72,2),1)="2","PCK",IF(LEFT(RIGHT(C72,2),1)="6","Cirebon",IF(LEFT(RIGHT(C72,2),1)="7","Tasik",IF(LEFT(RIGHT(C72,2),1)="8","Bogor",""))))) -> Tasik | B72: =IF(LEFT(C72,2)="EL","Elektrik",IF(LEFT(C72,2)="PP","Pipa Pompa",IF(LEFT(C72,2)="IC","ICI",IF(LEFT(C72,2)="PI","Pipamas","")))) -> Pipamas | C72: PISLP75 | D72: VACANT | E72: 0 | G72: =VLOOKUP(Table7910111213[[#This Row],[Februari]],'Clean Data HR'!$G$2:$H$102,2,0) -> #N/A | H72: 0 | I72: Sales tidak ada di data HR | J72: =Table7910111213[[#This Row],[Februari]]=Table7910111213[[#This Row],[Data HR]] -> FALSE
A73: =IF(LEFT(RIGHT(C73,2),1)="0","Bandung",IF(LEFT(RIGHT(C73,2),1)="2","PCK",IF(LEFT(RIGHT(C73,2),1)="6","Cirebon",IF(LEFT(RIGHT(C73,2),1)="7","Tasik",IF(LEFT(RIGHT(C73,2),1)="8","Bogor",""))))) -> Bogor | B73: =IF(LEFT(C73,2)="EL","Elektrik",IF(LEFT(C73,2)="PP","Pipa Pompa",IF(LEFT(C73,2)="IC","ICI",IF(LEFT(C73,2)="PI","Pipamas","")))) -> Pipamas | C73: PISLP81 | D73: LILI MURTADO | E73: 44496 | G73: =VLOOKUP(Table7910111213[[#This Row],[Februari]],'Clean Data HR'!$G$2:$H$102,2,0) -> PMB2110006 | H73: 8691144780 | I73: LILI MURTADO | J73: =Table7910111213[[#This Row],[Februari]]=Table7910111213[[#This Row],[Data HR]] -> TRUE
A74: =IF(LEFT(RIGHT(C74,2),1)="0","Bandung",IF(LEFT(RIGHT(C74,2),1)="2","PCK",IF(LEFT(RIGHT(C74,2),1)="6","Cirebon",IF(LEFT(RIGHT(C74,2),1)="7","Tasik",IF(LEFT(RIGHT(C74,2),1)="8","Bogor",""))))) -> Bogor | B74: =IF(LEFT(C74,2)="EL","Elektrik",IF(LEFT(C74,2)="PP","Pipa Pompa",IF(LEFT(C74,2)="IC","ICI",IF(LEFT(C74,2)="PI","Pipamas","")))) -> Pipamas | C74: PISLP82 | D74: MULYADI | E74: kosong | G74: =VLOOKUP(Table7910111213[[#This Row],[Februari]],'Clean Data HR'!$G$2:$H$102,2,0) -> PMD2512012 | I74: Mulyadi | J74: =Table7910111213[[#This Row],[Februari]]=Table7910111213[[#This Row],[Data HR]] -> TRUE
A75: =IF(LEFT(RIGHT(C75,2),1)="0","Bandung",IF(LEFT(RIGHT(C75,2),1)="2","PCK",IF(LEFT(RIGHT(C75,2),1)="6","Cirebon",IF(LEFT(RIGHT(C75,2),1)="7","Tasik",IF(LEFT(RIGHT(C75,2),1)="8","Bogor",""))))) -> Bogor | B75: =IF(LEFT(C75,2)="EL","Elektrik",IF(LEFT(C75,2)="PP","Pipa Pompa",IF(LEFT(C75,2)="IC","ICI",IF(LEFT(C75,2)="PI","Pipamas","")))) -> Pipamas | C75: PISLP83 | D75: FEBIANSYAH | E75: 44903 | G75: =VLOOKUP(Table7910111213[[#This Row],[Februari]],'Clean Data HR'!$G$2:$H$102,2,0) -> PMB2212003 | H75: 5470418682 | I75: FEBIANSYAH | J75: =Table7910111213[[#This Row],[Februari]]=Table7910111213[[#This Row],[Data HR]] -> TRUE
A76: =IF(LEFT(RIGHT(C76,2),1)="0","Bandung",IF(LEFT(RIGHT(C76,2),1)="2","PCK",IF(LEFT(RIGHT(C76,2),1)="6","Cirebon",IF(LEFT(RIGHT(C76,2),1)="7","Tasik",IF(LEFT(RIGHT(C76,2),1)="8","Bogor",""))))) -> Bogor | B76: =IF(LEFT(C76,2)="EL","Elektrik",IF(LEFT(C76,2)="PP","Pipa Pompa",IF(LEFT(C76,2)="IC","ICI",IF(LEFT(C76,2)="PI","Pipamas","")))) -> Pipamas | C76: PISLP84 | D76: ARTANTO | E76: 45944 | G76: =VLOOKUP(Table7910111213[[#This Row],[Februari]],'Clean Data HR'!$G$2:$H$102,2,0) -> PMD2510002 | H76: 0953302303 | I76: ARTANTO | J76: =Table7910111213[[#This Row],[Februari]]=Table7910111213[[#This Row],[Data HR]] -> TRUE
A77: =IF(LEFT(RIGHT(C77,2),1)="0","Bandung",IF(LEFT(RIGHT(C77,2),1)="2","PCK",IF(LEFT(RIGHT(C77,2),1)="6","Cirebon",IF(LEFT(RIGHT(C77,2),1)="7","Tasik",IF(LEFT(RIGHT(C77,2),1)="8","Bogor",""))))) -> Bogor | B77: =IF(LEFT(C77,2)="EL","Elektrik",IF(LEFT(C77,2)="PP","Pipa Pompa",IF(LEFT(C77,2)="IC","ICI",IF(LEFT(C77,2)="PI","Pipamas","")))) -> Pipamas | C77: PISLP85 | D77: VACANT | E77: 0 | G77: =VLOOKUP(Table7910111213[[#This Row],[Februari]],'Clean Data HR'!$G$2:$H$102,2,0) -> #N/A | H77: 0 | I77: Sales tidak ada di data HR | J77: =Table7910111213[[#This Row],[Februari]]=Table7910111213[[#This Row],[Data HR]] -> FALSE
A78: =IF(LEFT(RIGHT(C78,2),1)="0","Bandung",IF(LEFT(RIGHT(C78,2),1)="2","PCK",IF(LEFT(RIGHT(C78,2),1)="6","Cirebon",IF(LEFT(RIGHT(C78,2),1)="7","Tasik",IF(LEFT(RIGHT(C78,2),1)="8","Bogor",""))))) -> Bandung | B78: =IF(LEFT(C78,2)="EL","Elektrik",IF(LEFT(C78,2)="PP","Pipa Pompa",IF(LEFT(C78,2)="IC","ICI",IF(LEFT(C78,2)="PI","Pipamas","")))) -> Pipa Pompa | C78: PPSLM01 | D78: AGUS GUNAWAN | E78: 45334 | G78: =VLOOKUP(Table7910111213[[#This Row],[Februari]],'Clean Data HR'!$G$2:$H$102,2,0) -> PMD2402001 | H78: 8103039361 | I78: AGUS GUNAWAN | J78: =Table7910111213[[#This Row],[Februari]]=Table7910111213[[#This Row],[Data HR]] -> TRUE
A79: =IF(LEFT(RIGHT(C79,2),1)="0","Bandung",IF(LEFT(RIGHT(C79,2),1)="2","PCK",IF(LEFT(RIGHT(C79,2),1)="6","Cirebon",IF(LEFT(RIGHT(C79,2),1)="7","Tasik",IF(LEFT(RIGHT(C79,2),1)="8","Bogor",""))))) -> Bandung | B79: =IF(LEFT(C79,2)="EL","Elektrik",IF(LEFT(C79,2)="PP","Pipa Pompa",IF(LEFT(C79,2)="IC","ICI",IF(LEFT(C79,2)="PI","Pipamas","")))) -> Pipa Pompa | C79: PPSLM02 | D79: TEGOEH PRAMONO | E79: 45978 | G79: =VLOOKUP(Table7910111213[[#This Row],[Februari]],'Clean Data HR'!$G$2:$H$102,2,0) -> PMD2511002 | H79: 2831900280 | I79: TEGOEH PRAMONO | J79: =Table7910111213[[#This Row],[Februari]]=Table7910111213[[#This Row],[Data HR]] -> TRUE
A80: =IF(LEFT(RIGHT(C80,2),1)="0","Bandung",IF(LEFT(RIGHT(C80,2),1)="2","PCK",IF(LEFT(RIGHT(C80,2),1)="6","Cirebon",IF(LEFT(RIGHT(C80,2),1)="7","Tasik",IF(LEFT(RIGHT(C80,2),1)="8","Bogor",""))))) -> Bandung | B80: =IF(LEFT(C80,2)="EL","Elektrik",IF(LEFT(C80,2)="PP","Pipa Pompa",IF(LEFT(C80,2)="IC","ICI",IF(LEFT(C80,2)="PI","Pipamas","")))) -> Pipa Pompa | C80: PPSLM03 | D80: VACANT | E80: 0 | G80: =VLOOKUP(Table7910111213[[#This Row],[Februari]],'Clean Data HR'!$G$2:$H$102,2,0) -> #N/A | H80: 0 | I80: Sales tidak ada di data HR | J80: =Table7910111213[[#This Row],[Februari]]=Table7910111213[[#This Row],[Data HR]] -> FALSE
A81: =IF(LEFT(RIGHT(C81,2),1)="0","Bandung",IF(LEFT(RIGHT(C81,2),1)="2","PCK",IF(LEFT(RIGHT(C81,2),1)="6","Cirebon",IF(LEFT(RIGHT(C81,2),1)="7","Tasik",IF(LEFT(RIGHT(C81,2),1)="8","Bogor",""))))) -> Bandung | B81: =IF(LEFT(C81,2)="EL","Elektrik",IF(LEFT(C81,2)="PP","Pipa Pompa",IF(LEFT(C81,2)="IC","ICI",IF(LEFT(C81,2)="PI","Pipamas","")))) -> Pipa Pompa | C81: PPSLM04 | D81: ANDRE SETIAWAN | E81: 45481 | G81: =VLOOKUP(Table7910111213[[#This Row],[Februari]],'Clean Data HR'!$G$2:$H$102,2,0) -> PMD2407002 | H81: 1760287934 | I81: ANDRE SETIAWAN | J81: =Table7910111213[[#This Row],[Februari]]=Table7910111213[[#This Row],[Data HR]] -> TRUE
A82: =IF(LEFT(RIGHT(C82,2),1)="0","Bandung",IF(LEFT(RIGHT(C82,2),1)="2","PCK",IF(LEFT(RIGHT(C82,2),1)="6","Cirebon",IF(LEFT(RIGHT(C82,2),1)="7","Tasik",IF(LEFT(RIGHT(C82,2),1)="8","Bogor",""))))) -> Bandung | B82: =IF(LEFT(C82,2)="EL","Elektrik",IF(LEFT(C82,2)="PP","Pipa Pompa",IF(LEFT(C82,2)="IC","ICI",IF(LEFT(C82,2)="PI","Pipamas","")))) -> Pipa Pompa | C82: PPSLM05 | D82: YUS YUSUF ANGGA SETIABUDI | E82: 45894 | G82: =VLOOKUP(Table7910111213[[#This Row],[Februari]],'Clean Data HR'!$G$2:$H$102,2,0) -> PMD2107003 | H82: 2830811802 | I82: YUS YUSUF ANGGA SETIABUDI | J82: =Table7910111213[[#This Row],[Februari]]=Table7910111213[[#This Row],[Data HR]] -> TRUE
A83: =IF(LEFT(RIGHT(C83,2),1)="0","Bandung",IF(LEFT(RIGHT(C83,2),1)="2","PCK",IF(LEFT(RIGHT(C83,2),1)="6","Cirebon",IF(LEFT(RIGHT(C83,2),1)="7","Tasik",IF(LEFT(RIGHT(C83,2),1)="8","Bogor",""))))) -> Bandung | B83: =IF(LEFT(C83,2)="EL","Elektrik",IF(LEFT(C83,2)="PP","Pipa Pompa",IF(LEFT(C83,2)="IC","ICI",IF(LEFT(C83,2)="PI","Pipamas","")))) -> Pipa Pompa | C83: PPSLM06 | D83: ERLAN SOPIANA | E83: 45713 | G83: =VLOOKUP(Table7910111213[[#This Row],[Februari]],'Clean Data HR'!$G$2:$H$102,2,0) -> PMD2502005 | H83: 2801445111 | I83: ERLAN SOPIANA | J83: =Table7910111213[[#This Row],[Februari]]=Table7910111213[[#This Row],[Data HR]] -> TRUE
A84: =IF(LEFT(RIGHT(C84,2),1)="0","Bandung",IF(LEFT(RIGHT(C84,2),1)="2","PCK",IF(LEFT(RIGHT(C84,2),1)="6","Cirebon",IF(LEFT(RIGHT(C84,2),1)="7","Tasik",IF(LEFT(RIGHT(C84,2),1)="8","Bogor",""))))) -> Bandung | B84: =IF(LEFT(C84,2)="EL","Elektrik",IF(LEFT(C84,2)="PP","Pipa Pompa",IF(LEFT(C84,2)="IC","ICI",IF(LEFT(C84,2)="PI","Pipamas","")))) -> Pipa Pompa | C84: PPSLM07 | D84: LEO FERDIANSYAH | E84: 45979 | G84: =VLOOKUP(Table7910111213[[#This Row],[Februari]],'Clean Data HR'!$G$2:$H$102,2,0) -> PMD2511004 | H84: 1392396947 | I84: LEO FERDIANSYAH | J84: =Table7910111213[[#This Row],[Februari]]=Table7910111213[[#This Row],[Data HR]] -> TRUE
A85: =IF(LEFT(RIGHT(C85,2),1)="0","Bandung",IF(LEFT(RIGHT(C85,2),1)="2","PCK",IF(LEFT(RIGHT(C85,2),1)="6","Cirebon",IF(LEFT(RIGHT(C85,2),1)="7","Tasik",IF(LEFT(RIGHT(C85,2),1)="8","Bogor",""))))) -> Bandung | B85: =IF(LEFT(C85,2)="EL","Elektrik",IF(LEFT(C85,2)="PP","Pipa Pompa",IF(LEFT(C85,2)="IC","ICI",IF(LEFT(C85,2)="PI","Pipamas","")))) -> Pipa Pompa | C85: PPSLM08 | D85: HENDIKUS WARUWU | E85: 45838 | G85: =VLOOKUP(Table7910111213[[#This Row],[Februari]],'Clean Data HR'!$G$2:$H$102,2,0) -> PMD2506001 | H85: 8106058160 | I85: HENDIKUS WARUWU | J85: =Table7910111213[[#This Row],[Februari]]=Table7910111213[[#This Row],[Data HR]] -> TRUE
A86: =IF(LEFT(RIGHT(C86,2),1)="0","Bandung",IF(LEFT(RIGHT(C86,2),1)="2","PCK",IF(LEFT(RIGHT(C86,2),1)="6","Cirebon",IF(LEFT(RIGHT(C86,2),1)="7","Tasik",IF(LEFT(RIGHT(C86,2),1)="8","Bogor",""))))) -> Bandung | B86: =IF(LEFT(C86,2)="EL","Elektrik",IF(LEFT(C86,2)="PP","Pipa Pompa",IF(LEFT(C86,2)="IC","ICI",IF(LEFT(C86,2)="PI","Pipamas","")))) -> Pipa Pompa | C86: PPSLM09 | D86: ASTON VILLA | E86: 44172 | G86: =VLOOKUP(Table7910111213[[#This Row],[Februari]],'Clean Data HR'!$G$2:$H$102,2,0) -> PMD2012002 | H86: 0631281850 | I86: ASTON VILLA | J86: =Table7910111213[[#This Row],[Februari]]=Table7910111213[[#This Row],[Data HR]] -> TRUE
A87: =IF(LEFT(RIGHT(C87,2),1)="0","Bandung",IF(LEFT(RIGHT(C87,2),1)="2","PCK",IF(LEFT(RIGHT(C87,2),1)="6","Cirebon",IF(LEFT(RIGHT(C87,2),1)="7","Tasik",IF(LEFT(RIGHT(C87,2),1)="8","Bogor",""))))) -> PCK | B87: =IF(LEFT(C87,2)="EL","Elektrik",IF(LEFT(C87,2)="PP","Pipa Pompa",IF(LEFT(C87,2)="IC","ICI",IF(LEFT(C87,2)="PI","Pipamas","")))) -> Pipa Pompa | C87: PPSLM24 | D87: ASEP ANANG RUSMANA | E87: 44538 | G87: =VLOOKUP(Table7910111213[[#This Row],[Februari]],'Clean Data HR'!$G$2:$H$102,2,0) -> PMK2112008 | H87: 1092167482 | I87: ASEP ANANG RUSMANA | J87: =Table7910111213[[#This Row],[Februari]]=Table7910111213[[#This Row],[Data HR]] -> TRUE
A88: =IF(LEFT(RIGHT(C88,2),1)="0","Bandung",IF(LEFT(RIGHT(C88,2),1)="2","PCK",IF(LEFT(RIGHT(C88,2),1)="6","Cirebon",IF(LEFT(RIGHT(C88,2),1)="7","Tasik",IF(LEFT(RIGHT(C88,2),1)="8","Bogor",""))))) -> Cirebon | B88: =IF(LEFT(C88,2)="EL","Elektrik",IF(LEFT(C88,2)="PP","Pipa Pompa",IF(LEFT(C88,2)="IC","ICI",IF(LEFT(C88,2)="PI","Pipamas","")))) -> Pipa Pompa | C88: PPSLM60 | D88: DENI JUNAENI ADRIYADI | E88: 45509 | G88: =VLOOKUP(Table7910111213[[#This Row],[Februari]],'Clean Data HR'!$G$2:$H$102,2,0) -> PMC2408001 | H88: 1342870354 | I88: DENI JUNAENI ADRIYADI | J88: =Table7910111213[[#This Row],[Februari]]=Table7910111213[[#This Row],[Data HR]] -> TRUE
A89: =IF(LEFT(RIGHT(C89,2),1)="0","Bandung",IF(LEFT(RIGHT(C89,2),1)="2","PCK",IF(LEFT(RIGHT(C89,2),1)="6","Cirebon",IF(LEFT(RIGHT(C89,2),1)="7","Tasik",IF(LEFT(RIGHT(C89,2),1)="8","Bogor",""))))) -> Cirebon | B89: =IF(LEFT(C89,2)="EL","Elektrik",IF(LEFT(C89,2)="PP","Pipa Pompa",IF(LEFT(C89,2)="IC","ICI",IF(LEFT(C89,2)="PI","Pipamas","")))) -> Pipa Pompa | C89: PPSLM61 | D89: IMAM SANTOSO | E89: 45079 | G89: =VLOOKUP(Table7910111213[[#This Row],[Februari]],'Clean Data HR'!$G$2:$H$102,2,0) -> PMC2306001 | H89: 1341798898 | I89: IMAM SANTOSO | J89: =Table7910111213[[#This Row],[Februari]]=Table7910111213[[#This Row],[Data HR]] -> TRUE
A90: =IF(LEFT(RIGHT(C90,2),1)="0","Bandung",IF(LEFT(RIGHT(C90,2),1)="2","PCK",IF(LEFT(RIGHT(C90,2),1)="6","Cirebon",IF(LEFT(RIGHT(C90,2),1)="7","Tasik",IF(LEFT(RIGHT(C90,2),1)="8","Bogor",""))))) -> Cirebon | B90: =IF(LEFT(C90,2)="EL","Elektrik",IF(LEFT(C90,2)="PP","Pipa Pompa",IF(LEFT(C90,2)="IC","ICI",IF(LEFT(C90,2)="PI","Pipamas","")))) -> Pipa Pompa | C90: PPSLM62 | D90: RAHMAN ADI KUSUMA | E90: 45502 | G90: =VLOOKUP(Table7910111213[[#This Row],[Februari]],'Clean Data HR'!$G$2:$H$102,2,0) -> PMC2407003 | H90: 1341470272 | I90: RAHMAN ADI KUSUMA | J90: =Table7910111213[[#This Row],[Februari]]=Table7910111213[[#This Row],[Data HR]] -> TRUE
A91: =IF(LEFT(RIGHT(C91,2),1)="0","Bandung",IF(LEFT(RIGHT(C91,2),1)="2","PCK",IF(LEFT(RIGHT(C91,2),1)="6","Cirebon",IF(LEFT(RIGHT(C91,2),1)="7","Tasik",IF(LEFT(RIGHT(C91,2),1)="8","Bogor",""))))) -> Cirebon | B91: =IF(LEFT(C91,2)="EL","Elektrik",IF(LEFT(C91,2)="PP","Pipa Pompa",IF(LEFT(C91,2)="IC","ICI",IF(LEFT(C91,2)="PI","Pipamas","")))) -> Pipa Pompa | C91: PPSLM63 | D91: ROHMANUDIN | E91: 45419 | G91: =VLOOKUP(Table7910111213[[#This Row],[Februari]],'Clean Data HR'!$G$2:$H$102,2,0) -> PMC2405002 | H91: 3741569866 | I91: ROHMANUDIN | J91: =Table7910111213[[#This Row],[Februari]]=Table7910111213[[#This Row],[Data HR]] -> TRUE
A92: =IF(LEFT(RIGHT(C92,2),1)="0","Bandung",IF(LEFT(RIGHT(C92,2),1)="2","PCK",IF(LEFT(RIGHT(C92,2),1)="6","Cirebon",IF(LEFT(RIGHT(C92,2),1)="7","Tasik",IF(LEFT(RIGHT(C92,2),1)="8","Bogor",""))))) -> Cirebon | B92: =IF(LEFT(C92,2)="EL","Elektrik",IF(LEFT(C92,2)="PP","Pipa Pompa",IF(LEFT(C92,2)="IC","ICI",IF(LEFT(C92,2)="PI","Pipamas","")))) -> Pipa Pompa | C92: PPSLM64 | D92: WILLYANTO | E92: 44655 | G92: =VLOOKUP(Table7910111213[[#This Row],[Februari]],'Clean Data HR'!$G$2:$H$102,2,0) -> PMC2204004 | H92: 8180355414 | I92: WILLYANTO | J92: =Table7910111213[[#This Row],[Februari]]=Table7910111213[[#This Row],[Data HR]] -> TRUE
A93: =IF(LEFT(RIGHT(C93,2),1)="0","Bandung",IF(LEFT(RIGHT(C93,2),1)="2","PCK",IF(LEFT(RIGHT(C93,2),1)="6","Cirebon",IF(LEFT(RIGHT(C93,2),1)="7","Tasik",IF(LEFT(RIGHT(C93,2),1)="8","Bogor",""))))) -> Cirebon | B93: =IF(LEFT(C93,2)="EL","Elektrik",IF(LEFT(C93,2)="PP","Pipa Pompa",IF(LEFT(C93,2)="IC","ICI",IF(LEFT(C93,2)="PI","Pipamas","")))) -> Pipa Pompa | C93: PPSLM65 | D93: ABDUROKHIM | E93: 45418 | G93: =VLOOKUP(Table7910111213[[#This Row],[Februari]],'Clean Data HR'!$G$2:$H$102,2,0) -> PMC2405001 | H93: 3741559241 | I93: ABDUROKHIM | J93: =Table7910111213[[#This Row],[Februari]]=Table7910111213[[#This Row],[Data HR]] -> TRUE
A94: =IF(LEFT(RIGHT(C94,2),1)="0","Bandung",IF(LEFT(RIGHT(C94,2),1)="2","PCK",IF(LEFT(RIGHT(C94,2),1)="6","Cirebon",IF(LEFT(RIGHT(C94,2),1)="7","Tasik",IF(LEFT(RIGHT(C94,2),1)="8","Bogor",""))))) -> Tasik | B94: =IF(LEFT(C94,2)="EL","Elektrik",IF(LEFT(C94,2)="PP","Pipa Pompa",IF(LEFT(C94,2)="IC","ICI",IF(LEFT(C94,2)="PI","Pipamas","")))) -> Pipa Pompa | C94: PPSLM71 | D94: EDI ROSADI | E94: kosong | G94: PMD2602007 | H94: 6235063992 | I94: EDI ROSADI | J94: =Table7910111213[[#This Row],[Februari]]=Table7910111213[[#This Row],[Data HR]] -> TRUE
A95: =IF(LEFT(RIGHT(C95,2),1)="0","Bandung",IF(LEFT(RIGHT(C95,2),1)="2","PCK",IF(LEFT(RIGHT(C95,2),1)="6","Cirebon",IF(LEFT(RIGHT(C95,2),1)="7","Tasik",IF(LEFT(RIGHT(C95,2),1)="8","Bogor",""))))) -> Tasik | B95: =IF(LEFT(C95,2)="EL","Elektrik",IF(LEFT(C95,2)="PP","Pipa Pompa",IF(LEFT(C95,2)="IC","ICI",IF(LEFT(C95,2)="PI","Pipamas","")))) -> Pipa Pompa | C95: PPSLM72 | D95: ADITYA APTA TRIPURNA | E95: 44907 | G95: =VLOOKUP(Table7910111213[[#This Row],[Februari]],'Clean Data HR'!$G$2:$H$102,2,0) -> PMT2212001 | H95: 0542022157 | I95: ADITYA APTA TRIPURNA | J95: =Table7910111213[[#This Row],[Februari]]=Table7910111213[[#This Row],[Data HR]] -> TRUE
A96: =IF(LEFT(RIGHT(C96,2),1)="0","Bandung",IF(LEFT(RIGHT(C96,2),1)="2","PCK",IF(LEFT(RIGHT(C96,2),1)="6","Cirebon",IF(LEFT(RIGHT(C96,2),1)="7","Tasik",IF(LEFT(RIGHT(C96,2),1)="8","Bogor",""))))) -> Tasik | B96: =IF(LEFT(C96,2)="EL","Elektrik",IF(LEFT(C96,2)="PP","Pipa Pompa",IF(LEFT(C96,2)="IC","ICI",IF(LEFT(C96,2)="PI","Pipamas","")))) -> Pipa Pompa | C96: PPSLM73 | D96: ANGGA DWITAMA | E96: 45936 | G96: =VLOOKUP(Table7910111213[[#This Row],[Februari]],'Clean Data HR'!$G$2:$H$102,2,0) -> PMD2510001 | H96: 1381618345 | I96: ANGGA DWITAMA | J96: =Table7910111213[[#This Row],[Februari]]=Table7910111213[[#This Row],[Data HR]] -> TRUE
A97: =IF(LEFT(RIGHT(C97,2),1)="0","Bandung",IF(LEFT(RIGHT(C97,2),1)="2","PCK",IF(LEFT(RIGHT(C97,2),1)="6","Cirebon",IF(LEFT(RIGHT(C97,2),1)="7","Tasik",IF(LEFT(RIGHT(C97,2),1)="8","Bogor",""))))) -> Tasik | B97: =IF(LEFT(C97,2)="EL","Elektrik",IF(LEFT(C97,2)="PP","Pipa Pompa",IF(LEFT(C97,2)="IC","ICI",IF(LEFT(C97,2)="PI","Pipamas","")))) -> Pipa Pompa | C97: PPSLM74 | D97: ASEP RACHMAT SAPAAT | E97: 45824 | G97: =VLOOKUP(Table7910111213[[#This Row],[Februari]],'Clean Data HR'!$G$2:$H$102,2,0) -> PMT2506003 | H97: 0542132653 | I97: ASEP RACHMAT SAPAAT | J97: =Table7910111213[[#This Row],[Februari]]=Table7910111213[[#This Row],[Data HR]] -> TRUE
A98: =IF(LEFT(RIGHT(C98,2),1)="0","Bandung",IF(LEFT(RIGHT(C98,2),1)="2","PCK",IF(LEFT(RIGHT(C98,2),1)="6","Cirebon",IF(LEFT(RIGHT(C98,2),1)="7","Tasik",IF(LEFT(RIGHT(C98,2),1)="8","Bogor",""))))) -> Tasik | B98: =IF(LEFT(C98,2)="EL","Elektrik",IF(LEFT(C98,2)="PP","Pipa Pompa",IF(LEFT(C98,2)="IC","ICI",IF(LEFT(C98,2)="PI","Pipamas","")))) -> Pipa Pompa | C98: PPSLM75 | D98: IRFAN SETIAWAN | E98: 45996 | G98: =VLOOKUP(Table7910111213[[#This Row],[Februari]],'Clean Data HR'!$G$2:$H$102,2,0) -> PMD2512002 | H98: 1381641738 | I98: IRFAN SETIAWAN | J98: =Table7910111213[[#This Row],[Februari]]=Table7910111213[[#This Row],[Data HR]] -> TRUE
A99: =IF(LEFT(RIGHT(C99,2),1)="0","Bandung",IF(LEFT(RIGHT(C99,2),1)="2","PCK",IF(LEFT(RIGHT(C99,2),1)="6","Cirebon",IF(LEFT(RIGHT(C99,2),1)="7","Tasik",IF(LEFT(RIGHT(C99,2),1)="8","Bogor",""))))) -> Bogor | B99: =IF(LEFT(C99,2)="EL","Elektrik",IF(LEFT(C99,2)="PP","Pipa Pompa",IF(LEFT(C99,2)="IC","ICI",IF(LEFT(C99,2)="PI","Pipamas","")))) -> Pipa Pompa | C99: PPSLM85 | D99: ABDUL AGUS | E99: 45894 | G99: =VLOOKUP(Table7910111213[[#This Row],[Februari]],'Clean Data HR'!$G$2:$H$102,2,0) -> PMD2508009 | H99: 8720170974 | I99: ABDUL AGUS | J99: =Table7910111213[[#This Row],[Februari]]=Table7910111213[[#This Row],[Data HR]] -> TRUE
A100: =IF(LEFT(RIGHT(C100,2),1)="0","Bandung",IF(LEFT(RIGHT(C100,2),1)="2","PCK",IF(LEFT(RIGHT(C100,2),1)="6","Cirebon",IF(LEFT(RIGHT(C100,2),1)="7","Tasik",IF(LEFT(RIGHT(C100,2),1)="8","Bogor",""))))) -> Bogor | B100: =IF(LEFT(C100,2)="EL","Elektrik",IF(LEFT(C100,2)="PP","Pipa Pompa",IF(LEFT(C100,2)="IC","ICI",IF(LEFT(C100,2)="PI","Pipamas","")))) -> Pipa Pompa | C100: PPSLM86 | D100: HENRI HERMAWAN SAPUTRO | E100: 46065 | G100: =VLOOKUP(Table7910111213[[#This Row],[Februari]],'Clean Data HR'!$G$2:$H$102,2,0) -> PMD2602007 | H100: 7080350729 | I100: HENRI HERMAWAN SAPUTRO | J100: =Table7910111213[[#This Row],[Februari]]=Table7910111213[[#This Row],[Data HR]] -> TRUE | K100: Pengganti Antonio Rifaldo
...

Sheet CLEAN
A1: Branch | B1: Divisi | C1: Kode Sales | D1: Februari | E1: Masuk | F1: Keluar | G1: NIK | H1: No Rek | I1: Sales Pengganti
A2: =IF(LEFT(RIGHT(C2,2),1)="0","Bandung",IF(LEFT(RIGHT(C2,2),1)="2","PCK",IF(LEFT(RIGHT(C2,2),1)="6","Cirebon",IF(LEFT(RIGHT(C2,2),1)="7","Tasik",IF(LEFT(RIGHT(C2,2),1)="8","Bogor",""))))) -> Bandung | B2: Elektrik | C2: SPVEL01 | D2: Martinus Laia | G2: PMD1610002 | H2: 4371830329
A3: =IF(LEFT(RIGHT(C3,2),1)="0","Bandung",IF(LEFT(RIGHT(C3,2),1)="2","PCK",IF(LEFT(RIGHT(C3,2),1)="6","Cirebon",IF(LEFT(RIGHT(C3,2),1)="7","Tasik",IF(LEFT(RIGHT(C3,2),1)="8","Bogor",""))))) -> Bandung | B3: =IF(LEFT(C3,2)="EL","Elektrik",IF(LEFT(C3,2)="PP","Pipa Pompa",IF(LEFT(C3,2)="IC","ICI",IF(LEFT(C3,2)="PI","Pipamas","")))) -> Elektrik | C3: ELMOD01 | D3: RIDWAN FAUZAN FIRDAUS | E3: 44588 | G3: =VLOOKUP(Table79101112133[[#This Row],[Februari]],'Clean Data HR'!$G$2:$H$102,2,0) -> PMD2201011 | H3: 4371314568
A4: =IF(LEFT(RIGHT(C4,2),1)="0","Bandung",IF(LEFT(RIGHT(C4,2),1)="2","PCK",IF(LEFT(RIGHT(C4,2),1)="6","Cirebon",IF(LEFT(RIGHT(C4,2),1)="7","Tasik",IF(LEFT(RIGHT(C4,2),1)="8","Bogor",""))))) -> Bandung | B4: =IF(LEFT(C4,2)="EL","Elektrik",IF(LEFT(C4,2)="PP","Pipa Pompa",IF(LEFT(C4,2)="IC","ICI",IF(LEFT(C4,2)="PI","Pipamas","")))) -> Elektrik | C4: ELMOD02 | D4: OKKY MAULANA EKWANUR | E4: 46058 | G4: PMD2602004 | H4: 0084433621
A5: =IF(LEFT(RIGHT(C5,2),1)="0","Bandung",IF(LEFT(RIGHT(C5,2),1)="2","PCK",IF(LEFT(RIGHT(C5,2),1)="6","Cirebon",IF(LEFT(RIGHT(C5,2),1)="7","Tasik",IF(LEFT(RIGHT(C5,2),1)="8","Bogor",""))))) -> Bandung | B5: =IF(LEFT(C5,2)="EL","Elektrik",IF(LEFT(C5,2)="PP","Pipa Pompa",IF(LEFT(C5,2)="IC","ICI",IF(LEFT(C5,2)="PI","Pipamas","")))) -> Elektrik | C5: ELSLE01 | D5: RENALDI AGUSTIANA YUSUF | E5: 46006 | G5: =VLOOKUP(Table79101112133[[#This Row],[Februari]],'Clean Data HR'!$G$2:$H$102,2,0) -> PMD2512008 | H5: 3741721129
A6: =IF(LEFT(RIGHT(C6,2),1)="0","Bandung",IF(LEFT(RIGHT(C6,2),1)="2","PCK",IF(LEFT(RIGHT(C6,2),1)="6","Cirebon",IF(LEFT(RIGHT(C6,2),1)="7","Tasik",IF(LEFT(RIGHT(C6,2),1)="8","Bogor",""))))) -> Bandung | B6: =IF(LEFT(C6,2)="EL","Elektrik",IF(LEFT(C6,2)="PP","Pipa Pompa",IF(LEFT(C6,2)="IC","ICI",IF(LEFT(C6,2)="PI","Pipamas","")))) -> Elektrik | C6: ELSLE02 | D6: SYAMSUL PALAH | E6: 45533 | G6: =VLOOKUP(Table79101112133[[#This Row],[Februari]],'Clean Data HR'!$G$2:$H$102,2,0) -> PMD2408006 | H6: 7940315390
A7: =IF(LEFT(RIGHT(C7,2),1)="0","Bandung",IF(LEFT(RIGHT(C7,2),1)="2","PCK",IF(LEFT(RIGHT(C7,2),1)="6","Cirebon",IF(LEFT(RIGHT(C7,2),1)="7","Tasik",IF(LEFT(RIGHT(C7,2),1)="8","Bogor",""))))) -> Bandung | B7: =IF(LEFT(C7,2)="EL","Elektrik",IF(LEFT(C7,2)="PP","Pipa Pompa",IF(LEFT(C7,2)="IC","ICI",IF(LEFT(C7,2)="PI","Pipamas","")))) -> Elektrik | C7: ELSLE03 | D7: GHISAN AL AZHALI | E7: 45628 | G7: =VLOOKUP(Table79101112133[[#This Row],[Februari]],'Clean Data HR'!$G$2:$H$102,2,0) -> PMD2412001 | H7: 7495077144
A8: =IF(LEFT(RIGHT(C8,2),1)="0","Bandung",IF(LEFT(RIGHT(C8,2),1)="2","PCK",IF(LEFT(RIGHT(C8,2),1)="6","Cirebon",IF(LEFT(RIGHT(C8,2),1)="7","Tasik",IF(LEFT(RIGHT(C8,2),1)="8","Bogor",""))))) -> Bandung | B8: =IF(LEFT(C8,2)="EL","Elektrik",IF(LEFT(C8,2)="PP","Pipa Pompa",IF(LEFT(C8,2)="IC","ICI",IF(LEFT(C8,2)="PI","Pipamas","")))) -> Elektrik | C8: ELSLE04 | D8: VIRSQI INDRA PERDANA | E8: 46000 | G8: =VLOOKUP(Table79101112133[[#This Row],[Februari]],'Clean Data HR'!$G$2:$H$102,2,0) -> PMD2512005 | H8: 1390637132
A9: =IF(LEFT(RIGHT(C9,2),1)="0","Bandung",IF(LEFT(RIGHT(C9,2),1)="2","PCK",IF(LEFT(RIGHT(C9,2),1)="6","Cirebon",IF(LEFT(RIGHT(C9,2),1)="7","Tasik",IF(LEFT(RIGHT(C9,2),1)="8","Bogor",""))))) -> Bandung | B9: =IF(LEFT(C9,2)="EL","Elektrik",IF(LEFT(C9,2)="PP","Pipa Pompa",IF(LEFT(C9,2)="IC","ICI",IF(LEFT(C9,2)="PI","Pipamas","")))) -> Elektrik | C9: ELSLE05 | D9: HASUDUNGAN | E9: 44704 | G9: =VLOOKUP(Table79101112133[[#This Row],[Februari]],'Clean Data HR'!$G$2:$H$102,2,0) -> PMD2205003 | H9: 2810384045
A10: =IF(LEFT(RIGHT(C10,2),1)="0","Bandung",IF(LEFT(RIGHT(C10,2),1)="2","PCK",IF(LEFT(RIGHT(C10,2),1)="6","Cirebon",IF(LEFT(RIGHT(C10,2),1)="7","Tasik",IF(LEFT(RIGHT(C10,2),1)="8","Bogor",""))))) -> Bandung | B10: =IF(LEFT(C10,2)="EL","Elektrik",IF(LEFT(C10,2)="PP","Pipa Pompa",IF(LEFT(C10,2)="IC","ICI",IF(LEFT(C10,2)="PI","Pipamas","")))) -> Elektrik | C10: ELCOS01 | D10: NUR ALI | E10: 44706 | G10: =VLOOKUP(Table79101112133[[#This Row],[Februari]],'Clean Data HR'!$G$2:$H$102,2,0) -> PMD2205006 | H10: 8100893330
A11: =IF(LEFT(RIGHT(C11,2),1)="0","Bandung",IF(LEFT(RIGHT(C11,2),1)="2","PCK",IF(LEFT(RIGHT(C11,2),1)="6","Cirebon",IF(LEFT(RIGHT(C11,2),1)="7","Tasik",IF(LEFT(RIGHT(C11,2),1)="8","Bogor",""))))) -> PCK | B11: =IF(LEFT(C11,2)="EL","Elektrik",IF(LEFT(C11,2)="PP","Pipa Pompa",IF(LEFT(C11,2)="IC","ICI",IF(LEFT(C11,2)="PI","Pipamas","")))) -> Elektrik | C11: ELSLE25 | D11: KIKI HADISURYA | E11: 45649 | G11: =VLOOKUP(Table79101112133[[#This Row],[Februari]],'Clean Data HR'!$G$2:$H$102,2,0) -> PMK2412001 | H11: 0087042531
A12: =IF(LEFT(RIGHT(C12,2),1)="0","Bandung",IF(LEFT(RIGHT(C12,2),1)="2","PCK",IF(LEFT(RIGHT(C12,2),1)="6","Cirebon",IF(LEFT(RIGHT(C12,2),1)="7","Tasik",IF(LEFT(RIGHT(C12,2),1)="8","Bogor",""))))) -> Cirebon | B12: =IF(LEFT(C12,2)="EL","Elektrik",IF(LEFT(C12,2)="PP","Pipa Pompa",IF(LEFT(C12,2)="IC","ICI",IF(LEFT(C12,2)="PI","Pipamas","")))) -> Elektrik | C12: ELSLE60 | D12: NURFADILAH | E12: 44951 | G12: =VLOOKUP(Table79101112133[[#This Row],[Februari]],'Clean Data HR'!$G$2:$H$102,2,0) -> PMC2301001 | H12: 1342293292
A13: =IF(LEFT(RIGHT(C13,2),1)="0","Bandung",IF(LEFT(RIGHT(C13,2),1)="2","PCK",IF(LEFT(RIGHT(C13,2),1)="6","Cirebon",IF(LEFT(RIGHT(C13,2),1)="7","Tasik",IF(LEFT(RIGHT(C13,2),1)="8","Bogor",""))))) -> Cirebon | B13: =IF(LEFT(C13,2)="EL","Elektrik",IF(LEFT(C13,2)="PP","Pipa Pompa",IF(LEFT(C13,2)="IC","ICI",IF(LEFT(C13,2)="PI","Pipamas","")))) -> Elektrik | C13: ELSLE61 | D13: FANJI BERLIANDY AZHARI RIDZKI | E13: 44536 | G13: =VLOOKUP(Table79101112133[[#This Row],[Februari]],'Clean Data HR'!$G$2:$H$102,2,0) -> PMC2112006 | H13: 8180224085
A14: =IF(LEFT(RIGHT(C14,2),1)="0","Bandung",IF(LEFT(RIGHT(C14,2),1)="2","PCK",IF(LEFT(RIGHT(C14,2),1)="6","Cirebon",IF(LEFT(RIGHT(C14,2),1)="7","Tasik",IF(LEFT(RIGHT(C14,2),1)="8","Bogor",""))))) -> Cirebon | B14: =IF(LEFT(C14,2)="EL","Elektrik",IF(LEFT(C14,2)="PP","Pipa Pompa",IF(LEFT(C14,2)="IC","ICI",IF(LEFT(C14,2)="PI","Pipamas","")))) -> Elektrik | C14: ELSLE62 | D14: ADE TRIHANDOYO | E14: 45845 | G14: PMC2507002 | H14: 373802651
A15: =IF(LEFT(RIGHT(C15,2),1)="0","Bandung",IF(LEFT(RIGHT(C15,2),1)="2","PCK",IF(LEFT(RIGHT(C15,2),1)="6","Cirebon",IF(LEFT(RIGHT(C15,2),1)="7","Tasik",IF(LEFT(RIGHT(C15,2),1)="8","Bogor",""))))) -> Cirebon | B15: =IF(LEFT(C15,2)="EL","Elektrik",IF(LEFT(C15,2)="PP","Pipa Pompa",IF(LEFT(C15,2)="IC","ICI",IF(LEFT(C15,2)="PI","Pipamas","")))) -> Elektrik | C15: ELSLE63 | D15: FIDYAH FAROID | E15: 45502 | G15: =VLOOKUP(Table79101112133[[#This Row],[Februari]],'Clean Data HR'!$G$2:$H$102,2,0) -> PMC2407004 | H15: 8180505475
A16: =IF(LEFT(RIGHT(C16,2),1)="0","Bandung",IF(LEFT(RIGHT(C16,2),1)="2","PCK",IF(LEFT(RIGHT(C16,2),1)="6","Cirebon",IF(LEFT(RIGHT(C16,2),1)="7","Tasik",IF(LEFT(RIGHT(C16,2),1)="8","Bogor",""))))) -> Cirebon | B16: =IF(LEFT(C16,2)="EL","Elektrik",IF(LEFT(C16,2)="PP","Pipa Pompa",IF(LEFT(C16,2)="IC","ICI",IF(LEFT(C16,2)="PI","Pipamas","")))) -> Elektrik | C16: ELSLE64 | D16: EKO YOGA PRAWIRA | E16: 45708 | G16: =VLOOKUP(Table79101112133[[#This Row],[Februari]],'Clean Data HR'!$G$2:$H$102,2,0) -> PMC2502002 | H16: 1342833637
A17: =IF(LEFT(RIGHT(C17,2),1)="0","Bandung",IF(LEFT(RIGHT(C17,2),1)="2","PCK",IF(LEFT(RIGHT(C17,2),1)="6","Cirebon",IF(LEFT(RIGHT(C17,2),1)="7","Tasik",IF(LEFT(RIGHT(C17,2),1)="8","Bogor",""))))) -> Cirebon | B17: =IF(LEFT(C17,2)="EL","Elektrik",IF(LEFT(C17,2)="PP","Pipa Pompa",IF(LEFT(C17,2)="IC","ICI",IF(LEFT(C17,2)="PI","Pipamas","")))) -> Elektrik | C17: ELSLE65 | D17: IPAN WIGUNA | E17: 45643 | G17: =VLOOKUP(Table79101112133[[#This Row],[Februari]],'Clean Data HR'!$G$2:$H$102,2,0) -> PMC2412003 | H17: 2991983084
A18: =IF(LEFT(RIGHT(C18,2),1)="0","Bandung",IF(LEFT(RIGHT(C18,2),1)="2","PCK",IF(LEFT(RIGHT(C18,2),1)="6","Cirebon",IF(LEFT(RIGHT(C18,2),1)="7","Tasik",IF(LEFT(RIGHT(C18,2),1)="8","Bogor",""))))) -> Tasik | B18: =IF(LEFT(C18,2)="EL","Elektrik",IF(LEFT(C18,2)="PP","Pipa Pompa",IF(LEFT(C18,2)="IC","ICI",IF(LEFT(C18,2)="PI","Pipamas","")))) -> Elektrik | C18: ELSLE71 | D18: FIRMANSYAH | E18: 45468 | G18: =VLOOKUP(Table79101112133[[#This Row],[Februari]],'Clean Data HR'!$G$2:$H$102,2,0) -> PMT2406003 | H18: 3211177428
A19: =IF(LEFT(RIGHT(C19,2),1)="0","Bandung",IF(LEFT(RIGHT(C19,2),1)="2","PCK",IF(LEFT(RIGHT(C19,2),1)="6","Cirebon",IF(LEFT(RIGHT(C19,2),1)="7","Tasik",IF(LEFT(RIGHT(C19,2),1)="8","Bogor",""))))) -> Tasik | B19: =IF(LEFT(C19,2)="EL","Elektrik",IF(LEFT(C19,2)="PP","Pipa Pompa",IF(LEFT(C19,2)="IC","ICI",IF(LEFT(C19,2)="PI","Pipamas","")))) -> Elektrik | C19: ELSLE72 | D19: DHIA UL IMAN | E19: 44734 | G19: =VLOOKUP(Table79101112133[[#This Row],[Februari]],'Clean Data HR'!$G$2:$H$102,2,0) -> PMT2206001 | H19: 3210914411
A20: =IF(LEFT(RIGHT(C20,2),1)="0","Bandung",IF(LEFT(RIGHT(C20,2),1)="2","PCK",IF(LEFT(RIGHT(C20,2),1)="6","Cirebon",IF(LEFT(RIGHT(C20,2),1)="7","Tasik",IF(LEFT(RIGHT(C20,2),1)="8","Bogor",""))))) -> Tasik | B20: =IF(LEFT(C20,2)="EL","Elektrik",IF(LEFT(C20,2)="PP","Pipa Pompa",IF(LEFT(C20,2)="IC","ICI",IF(LEFT(C20,2)="PI","Pipamas","")))) -> Elektrik | C20: ELSLE73 | D20: VEBY RIZKY FAUZI | E20: 45558 | G20: =VLOOKUP(Table79101112133[[#This Row],[Februari]],'Clean Data HR'!$G$2:$H$102,2,0) -> PMT2409001 | H20: 0541384501
A21: =IF(LEFT(RIGHT(C21,2),1)="0","Bandung",IF(LEFT(RIGHT(C21,2),1)="2","PCK",IF(LEFT(RIGHT(C21,2),1)="6","Cirebon",IF(LEFT(RIGHT(C21,2),1)="7","Tasik",IF(LEFT(RIGHT(C21,2),1)="8","Bogor",""))))) -> Tasik | B21: =IF(LEFT(C21,2)="EL","Elektrik",IF(LEFT(C21,2)="PP","Pipa Pompa",IF(LEFT(C21,2)="IC","ICI",IF(LEFT(C21,2)="PI","Pipamas","")))) -> Elektrik | C21: ELSLE74 | D21: DIAN HAERANDI | E21: 45820 | G21: =VLOOKUP(Table79101112133[[#This Row],[Februari]],'Clean Data HR'!$G$2:$H$102,2,0) -> PMT2506001 | H21: 3211265807
A22: =IF(LEFT(RIGHT(C22,2),1)="0","Bandung",IF(LEFT(RIGHT(C22,2),1)="2","PCK",IF(LEFT(RIGHT(C22,2),1)="6","Cirebon",IF(LEFT(RIGHT(C22,2),1)="7","Tasik",IF(LEFT(RIGHT(C22,2),1)="8","Bogor",""))))) -> Tasik | B22: =IF(LEFT(C22,2)="EL","Elektrik",IF(LEFT(C22,2)="PP","Pipa Pompa",IF(LEFT(C22,2)="IC","ICI",IF(LEFT(C22,2)="PI","Pipamas","")))) -> Elektrik | C22: ELSLE75 | D22: JEJEN AL KOHIRI | E22: 45679 | G22: =VLOOKUP(Table79101112133[[#This Row],[Februari]],'Clean Data HR'!$G$2:$H$102,2,0) -> PMT2501001 | H22: 3210680810
A23: =IF(LEFT(RIGHT(C23,2),1)="0","Bandung",IF(LEFT(RIGHT(C23,2),1)="2","PCK",IF(LEFT(RIGHT(C23,2),1)="6","Cirebon",IF(LEFT(RIGHT(C23,2),1)="7","Tasik",IF(LEFT(RIGHT(C23,2),1)="8","Bogor",""))))) -> Bogor | B23: =IF(LEFT(C23,2)="EL","Elektrik",IF(LEFT(C23,2)="PP","Pipa Pompa",IF(LEFT(C23,2)="IC","ICI",IF(LEFT(C23,2)="PI","Pipamas","")))) -> Elektrik | C23: ELSLE85 | D23: SYAHRI RIZKI | E23: 45414 | G23: =VLOOKUP(Table79101112133[[#This Row],[Februari]],'Clean Data HR'!$G$2:$H$102,2,0) -> PMB2405003 | H23: 3720066482
A24: =IF(LEFT(RIGHT(C24,2),1)="0","Bandung",IF(LEFT(RIGHT(C24,2),1)="2","PCK",IF(LEFT(RIGHT(C24,2),1)="6","Cirebon",IF(LEFT(RIGHT(C24,2),1)="7","Tasik",IF(LEFT(RIGHT(C24,2),1)="8","Bogor",""))))) -> Bogor | B24: =IF(LEFT(C24,2)="EL","Elektrik",IF(LEFT(C24,2)="PP","Pipa Pompa",IF(LEFT(C24,2)="IC","ICI",IF(LEFT(C24,2)="PI","Pipamas","")))) -> Elektrik | C24: ELSLE86 | D24: WAHYU WIDIANA | E24: 44903 | G24: =VLOOKUP(Table79101112133[[#This Row],[Februari]],'Clean Data HR'!$G$2:$H$102,2,0) -> PMB2212002 | H24: 7402130230
A25: =IF(LEFT(RIGHT(C25,2),1)="0","Bandung",IF(LEFT(RIGHT(C25,2),1)="2","PCK",IF(LEFT(RIGHT(C25,2),1)="6","Cirebon",IF(LEFT(RIGHT(C25,2),1)="7","Tasik",IF(LEFT(RIGHT(C25,2),1)="8","Bogor",""))))) -> Bogor | B25: =IF(LEFT(C25,2)="EL","Elektrik",IF(LEFT(C25,2)="PP","Pipa Pompa",IF(LEFT(C25,2)="IC","ICI",IF(LEFT(C25,2)="PI","Pipamas","")))) -> Elektrik | C25: ELSLE87 | D25: RYAN NOVI HANDOKO | E25: 44531 | G25: =VLOOKUP(Table79101112133[[#This Row],[Februari]],'Clean Data HR'!$G$2:$H$102,2,0) -> PMB2112002 | H25: 5015250876
A26: =IF(LEFT(RIGHT(C26,2),1)="0","Bandung",IF(LEFT(RIGHT(C26,2),1)="2","PCK",IF(LEFT(RIGHT(C26,2),1)="6","Cirebon",IF(LEFT(RIGHT(C26,2),1)="7","Tasik",IF(LEFT(RIGHT(C26,2),1)="8","Bogor",""))))) -> Bogor | B26: =IF(LEFT(C26,2)="EL","Elektrik",IF(LEFT(C26,2)="PP","Pipa Pompa",IF(LEFT(C26,2)="IC","ICI",IF(LEFT(C26,2)="PI","Pipamas","")))) -> Elektrik | C26: ELSLE88 | D26: MUHAMAD HASAN | E26: 44091 | G26: =VLOOKUP(Table79101112133[[#This Row],[Februari]],'Clean Data HR'!$G$2:$H$102,2,0) -> PMB2009005 | H26: 5735335861
A27: =IF(LEFT(RIGHT(C27,2),1)="0","Bandung",IF(LEFT(RIGHT(C27,2),1)="2","PCK",IF(LEFT(RIGHT(C27,2),1)="6","Cirebon",IF(LEFT(RIGHT(C27,2),1)="7","Tasik",IF(LEFT(RIGHT(C27,2),1)="8","Bogor",""))))) -> Bogor | B27: =IF(LEFT(C27,2)="EL","Elektrik",IF(LEFT(C27,2)="PP","Pipa Pompa",IF(LEFT(C27,2)="IC","ICI",IF(LEFT(C27,2)="PI","Pipamas","")))) -> Elektrik | C27: ELSLE89 | D27: KRISNA ADI NUGRAHA | E27: 46066 | G27: =VLOOKUP(Table79101112133[[#This Row],[Februari]],'Clean Data HR'!$G$2:$H$102,2,0) -> PMD2602008 | H27: 8330055473
A28: Bogor | B28: =IF(LEFT(C28,2)="EL","Elektrik",IF(LEFT(C28,2)="PP","Pipa Pompa",IF(LEFT(C28,2)="IC","ICI",IF(LEFT(C28,2)="PI","Pipamas","")))) -> Elektrik | C28: ELCOS08 | D28: ENDRIYANTO | E28: 44875 | G28: =VLOOKUP(Table79101112133[[#This Row],[Februari]],'Clean Data HR'!$G$2:$H$102,2,0) -> PMB2211002 | H28: 0380581647
A29: Bogor | B29: =IF(LEFT(C29,2)="EL","Elektrik",IF(LEFT(C29,2)="PP","Pipa Pompa",IF(LEFT(C29,2)="IC","ICI",IF(LEFT(C29,2)="PI","Pipamas","")))) -> Elektrik | C29: ELSPV08 | D29: NANDA AMELIA | E29: 45414 | G29: =VLOOKUP(Table79101112133[[#This Row],[Februari]],'Clean Data HR'!$G$2:$H$102,2,0) -> PMB2405002 | H29: 0953571843
A30: =IF(LEFT(RIGHT(C30,2),1)="0","Bandung",IF(LEFT(RIGHT(C30,2),1)="2","PCK",IF(LEFT(RIGHT(C30,2),1)="6","Cirebon",IF(LEFT(RIGHT(C30,2),1)="7","Tasik",IF(LEFT(RIGHT(C30,2),1)="8","Bogor",""))))) -> Bandung | B30: =IF(LEFT(C30,2)="EL","Elektrik",IF(LEFT(C30,2)="PP","Pipa Pompa",IF(LEFT(C30,2)="IC","ICI",IF(LEFT(C30,2)="PI","Pipamas","")))) -> ICI | C30: ICSLM01 | D30: IKHWAN FIDDIN | E30: 45139 | G30: =VLOOKUP(Table79101112133[[#This Row],[Februari]],'Clean Data HR'!$G$2:$H$102,2,0) -> PMD2308002 | H30: 2832258475
A31: =IF(LEFT(RIGHT(C31,2),1)="0","Bandung",IF(LEFT(RIGHT(C31,2),1)="2","PCK",IF(LEFT(RIGHT(C31,2),1)="6","Cirebon",IF(LEFT(RIGHT(C31,2),1)="7","Tasik",IF(LEFT(RIGHT(C31,2),1)="8","Bogor",""))))) -> Bandung | B31: =IF(LEFT(C31,2)="EL","Elektrik",IF(LEFT(C31,2)="PP","Pipa Pompa",IF(LEFT(C31,2)="IC","ICI",IF(LEFT(C31,2)="PI","Pipamas","")))) -> ICI | C31: ICSLM03 | D31: WAHYU RANGGA PERMANA | E31: 46057 | G31: =VLOOKUP(Table79101112133[[#This Row],[Februari]],'Clean Data HR'!$G$2:$H$102,2,0) -> PMD2602002 | H31: 7405373343 | I31: Pengganti Dadan Hardiansyah Putra Keluar tgl 2/2/2026
A32: =IF(LEFT(RIGHT(C32,2),1)="0","Bandung",IF(LEFT(RIGHT(C32,2),1)="2","PCK",IF(LEFT(RIGHT(C32,2),1)="6","Cirebon",IF(LEFT(RIGHT(C32,2),1)="7","Tasik",IF(LEFT(RIGHT(C32,2),1)="8","Bogor",""))))) -> Bandung | B32: =IF(LEFT(C32,2)="EL","Elektrik",IF(LEFT(C32,2)="PP","Pipa Pompa",IF(LEFT(C32,2)="IC","ICI",IF(LEFT(C32,2)="PI","Pipamas","")))) -> ICI | C32: ICSLM05 | D32: SATRIA PAMUNGKAS | E32: 44732 | G32: =VLOOKUP(Table79101112133[[#This Row],[Februari]],'Clean Data HR'!$G$2:$H$102,2,0) -> PMD2206002 | H32: 4372932876
A33: =IF(LEFT(RIGHT(C33,2),1)="0","Bandung",IF(LEFT(RIGHT(C33,2),1)="2","PCK",IF(LEFT(RIGHT(C33,2),1)="6","Cirebon",IF(LEFT(RIGHT(C33,2),1)="7","Tasik",IF(LEFT(RIGHT(C33,2),1)="8","Bogor",""))))) -> Bandung | B33: =IF(LEFT(C33,2)="EL","Elektrik",IF(LEFT(C33,2)="PP","Pipa Pompa",IF(LEFT(C33,2)="IC","ICI",IF(LEFT(C33,2)="PI","Pipamas","")))) -> ICI | C33: ICSLM06 | D33: RAHMAT HIDAYAT | E33: 44525 | G33: =VLOOKUP(Table79101112133[[#This Row],[Februari]],'Clean Data HR'!$G$2:$H$102,2,0) -> PMD2111013 | H33: 2830825579
A34: =IF(LEFT(RIGHT(C34,2),1)="0","Bandung",IF(LEFT(RIGHT(C34,2),1)="2","PCK",IF(LEFT(RIGHT(C34,2),1)="6","Cirebon",IF(LEFT(RIGHT(C34,2),1)="7","Tasik",IF(LEFT(RIGHT(C34,2),1)="8","Bogor",""))))) -> Bandung | B34: =IF(LEFT(C34,2)="EL","Elektrik",IF(LEFT(C34,2)="PP","Pipa Pompa",IF(LEFT(C34,2)="IC","ICI",IF(LEFT(C34,2)="PI","Pipamas","")))) -> ICI | C34: ICSLM07 | D34: HARRY HAERUDIN, S.PD | E34: 43297 | G34: PMD1807011 | H34: 2831431212
A35: =IF(LEFT(RIGHT(C35,2),1)="0","Bandung",IF(LEFT(RIGHT(C35,2),1)="2","PCK",IF(LEFT(RIGHT(C35,2),1)="6","Cirebon",IF(LEFT(RIGHT(C35,2),1)="7","Tasik",IF(LEFT(RIGHT(C35,2),1)="8","Bogor",""))))) -> Bandung | B35: =IF(LEFT(C35,2)="EL","Elektrik",IF(LEFT(C35,2)="PP","Pipa Pompa",IF(LEFT(C35,2)="IC","ICI",IF(LEFT(C35,2)="PI","Pipamas","")))) -> ICI | C35: ICSLM08 | D35: MOCH ARMANDO VEBBY | E35: 44533 | G35: =VLOOKUP(Table79101112133[[#This Row],[Februari]],'Clean Data HR'!$G$2:$H$102,2,0) -> PMD2112004 | H35: 1393317101
A36: =IF(LEFT(RIGHT(C36,2),1)="0","Bandung",IF(LEFT(RIGHT(C36,2),1)="2","PCK",IF(LEFT(RIGHT(C36,2),1)="6","Cirebon",IF(LEFT(RIGHT(C36,2),1)="7","Tasik",IF(LEFT(RIGHT(C36,2),1)="8","Bogor",""))))) -> Bandung | B36: =IF(LEFT(C36,2)="EL","Elektrik",IF(LEFT(C36,2)="PP","Pipa Pompa",IF(LEFT(C36,2)="IC","ICI",IF(LEFT(C36,2)="PI","Pipamas","")))) -> ICI | C36: ICSLM09 | D36: ANDI KURNIAWAN | E36: 44572 | G36: =VLOOKUP(Table79101112133[[#This Row],[Februari]],'Clean Data HR'!$G$2:$H$102,2,0) -> PMD2201008 | H36: 1760203960
A37: =IF(LEFT(RIGHT(C37,2),1)="0","Bandung",IF(LEFT(RIGHT(C37,2),1)="2","PCK",IF(LEFT(RIGHT(C37,2),1)="6","Cirebon",IF(LEFT(RIGHT(C37,2),1)="7","Tasik",IF(LEFT(RIGHT(C37,2),1)="8","Bogor",""))))) -> Bandung | B37: =IF(LEFT(C37,2)="EL","Elektrik",IF(LEFT(C37,2)="PP","Pipa Pompa",IF(LEFT(C37,2)="IC","ICI",IF(LEFT(C37,2)="PI","Pipamas","")))) -> ICI | C37: ICSLM09 | D37: ANTONIUS | E37: 46073 | G37: =VLOOKUP(Table79101112133[[#This Row],[Februari]],'Clean Data HR'!$G$2:$H$102,2,0) -> PMD2602010 | H37: 5150095231
A38: =IF(LEFT(RIGHT(C38,2),1)="0","Bandung",IF(LEFT(RIGHT(C38,2),1)="2","PCK",IF(LEFT(RIGHT(C38,2),1)="6","Cirebon",IF(LEFT(RIGHT(C38,2),1)="7","Tasik",IF(LEFT(RIGHT(C38,2),1)="8","Bogor",""))))) -> PCK | B38: =IF(LEFT(C38,2)="EL","Elektrik",IF(LEFT(C38,2)="PP","Pipa Pompa",IF(LEFT(C38,2)="IC","ICI",IF(LEFT(C38,2)="PI","Pipamas","")))) -> ICI | C38: ICSLM21 | D38: UJANG SULAEMAN | E38: 44137 | G38: =VLOOKUP(Table79101112133[[#This Row],[Februari]],'Clean Data HR'!$G$2:$H$102,2,0) -> PMK2011003 | H38: 3780397925
A39: =IF(LEFT(RIGHT(C39,2),1)="0","Bandung",IF(LEFT(RIGHT(C39,2),1)="2","PCK",IF(LEFT(RIGHT(C39,2),1)="6","Cirebon",IF(LEFT(RIGHT(C39,2),1)="7","Tasik",IF(LEFT(RIGHT(C39,2),1)="8","Bogor",""))))) -> PCK | B39: =IF(LEFT(C39,2)="EL","Elektrik",IF(LEFT(C39,2)="PP","Pipa Pompa",IF(LEFT(C39,2)="IC","ICI",IF(LEFT(C39,2)="PI","Pipamas","")))) -> ICI | C39: ICSLM22 | D39: AHMAD SANUSI | E39: 45894 | G39: =VLOOKUP(Table79101112133[[#This Row],[Februari]],'Clean Data HR'!$G$2:$H$102,2,0) -> PMD2508008 | H39: 5745718288
A40: =IF(LEFT(RIGHT(C40,2),1)="0","Bandung",IF(LEFT(RIGHT(C40,2),1)="2","PCK",IF(LEFT(RIGHT(C40,2),1)="6","Cirebon",IF(LEFT(RIGHT(C40,2),1)="7","Tasik",IF(LEFT(RIGHT(C40,2),1)="8","Bogor",""))))) -> PCK | B40: =IF(LEFT(C40,2)="EL","Elektrik",IF(LEFT(C40,2)="PP","Pipa Pompa",IF(LEFT(C40,2)="IC","ICI",IF(LEFT(C40,2)="PI","Pipamas","")))) -> ICI | C40: ICSLM23 | D40: BONAR JUMADA | E40: 43349 | G40: =VLOOKUP(Table79101112133[[#This Row],[Februari]],'Clean Data HR'!$G$2:$H$102,2,0) -> PMK1809003 | H40: 5770551341
A41: =IF(LEFT(RIGHT(C41,2),1)="0","Bandung",IF(LEFT(RIGHT(C41,2),1)="2","PCK",IF(LEFT(RIGHT(C41,2),1)="6","Cirebon",IF(LEFT(RIGHT(C41,2),1)="7","Tasik",IF(LEFT(RIGHT(C41,2),1)="8","Bogor",""))))) -> PCK | B41: =IF(LEFT(C41,2)="EL","Elektrik",IF(LEFT(C41,2)="PP","Pipa Pompa",IF(LEFT(C41,2)="IC","ICI",IF(LEFT(C41,2)="PI","Pipamas","")))) -> ICI | C41: ICSLM28 | D41: ADHI GUSTIANA | E41: 43332 | G41: PMK1808008 | H41: 2310272283
A42: =IF(LEFT(RIGHT(C42,2),1)="0","Bandung",IF(LEFT(RIGHT(C42,2),1)="2","PCK",IF(LEFT(RIGHT(C42,2),1)="6","Cirebon",IF(LEFT(RIGHT(C42,2),1)="7","Tasik",IF(LEFT(RIGHT(C42,2),1)="8","Bogor",""))))) -> Tasik | B42: =IF(LEFT(C42,2)="EL","Elektrik",IF(LEFT(C42,2)="PP","Pipa Pompa",IF(LEFT(C42,2)="IC","ICI",IF(LEFT(C42,2)="PI","Pipamas","")))) -> ICI | C42: ICSLM71 | D42: FAIZAL ABDUL JABBAR | E42: 44533 | G42: =VLOOKUP(Table79101112133[[#This Row],[Februari]],'Clean Data HR'!$G$2:$H$102,2,0) -> PMT2112005 | H42: 3210847285
A43: =IF(LEFT(RIGHT(C43,2),1)="0","Bandung",IF(LEFT(RIGHT(C43,2),1)="2","PCK",IF(LEFT(RIGHT(C43,2),1)="6","Cirebon",IF(LEFT(RIGHT(C43,2),1)="7","Tasik",IF(LEFT(RIGHT(C43,2),1)="8","Bogor",""))))) -> Tasik | B43: =IF(LEFT(C43,2)="EL","Elektrik",IF(LEFT(C43,2)="PP","Pipa Pompa",IF(LEFT(C43,2)="IC","ICI",IF(LEFT(C43,2)="PI","Pipamas","")))) -> ICI | C43: ICSLM72 | D43: SEPTIAN HERMANSYAH | E43: 44781 | G43: =VLOOKUP(Table79101112133[[#This Row],[Februari]],'Clean Data HR'!$G$2:$H$102,2,0) -> PMT2208001 | H43: 3210939872
A44: =IF(LEFT(RIGHT(C44,2),1)="0","Bandung",IF(LEFT(RIGHT(C44,2),1)="2","PCK",IF(LEFT(RIGHT(C44,2),1)="6","Cirebon",IF(LEFT(RIGHT(C44,2),1)="7","Tasik",IF(LEFT(RIGHT(C44,2),1)="8","Bogor",""))))) -> Tasik | B44: =IF(LEFT(C44,2)="EL","Elektrik",IF(LEFT(C44,2)="PP","Pipa Pompa",IF(LEFT(C44,2)="IC","ICI",IF(LEFT(C44,2)="PI","Pipamas","")))) -> ICI | C44: ICSLM73 | D44: NANDANG TATA YUSMANA | E44: 45824 | G44: =VLOOKUP(Table79101112133[[#This Row],[Februari]],'Clean Data HR'!$G$2:$H$102,2,0) -> PMT2506002 | H44: 0541621678
A45: Bogor | B45: =IF(LEFT(C45,2)="EL","Elektrik",IF(LEFT(C45,2)="PP","Pipa Pompa",IF(LEFT(C45,2)="IC","ICI",IF(LEFT(C45,2)="PI","Pipamas","")))) -> ICI | C45: ICCOS08 | D45: RAMLI NASUTION | E45: 45817 | G45: =VLOOKUP(Table79101112133[[#This Row],[Februari]],'Clean Data HR'!$G$2:$H$102,2,0) -> PMB2506001 | H45: 7380496873
A46: =IF(LEFT(RIGHT(C46,2),1)="0","Bandung",IF(LEFT(RIGHT(C46,2),1)="2","PCK",IF(LEFT(RIGHT(C46,2),1)="6","Cirebon",IF(LEFT(RIGHT(C46,2),1)="7","Tasik",IF(LEFT(RIGHT(C46,2),1)="8","Bogor",""))))) -> Bogor | B46: =IF(LEFT(C46,2)="EL","Elektrik",IF(LEFT(C46,2)="PP","Pipa Pompa",IF(LEFT(C46,2)="IC","ICI",IF(LEFT(C46,2)="PI","Pipamas","")))) -> ICI | C46: ICSLM81 | D46: ASEP PERMANA NOOR | E46: 45426 | G46: =VLOOKUP(Table79101112133[[#This Row],[Februari]],'Clean Data HR'!$G$2:$H$102,2,0) -> PMB2405006 | H46: 0953412346
A47: =IF(LEFT(RIGHT(C47,2),1)="0","Bandung",IF(LEFT(RIGHT(C47,2),1)="2","PCK",IF(LEFT(RIGHT(C47,2),1)="6","Cirebon",IF(LEFT(RIGHT(C47,2),1)="7","Tasik",IF(LEFT(RIGHT(C47,2),1)="8","Bogor",""))))) -> Bogor | B47: =IF(LEFT(C47,2)="EL","Elektrik",IF(LEFT(C47,2)="PP","Pipa Pompa",IF(LEFT(C47,2)="IC","ICI",IF(LEFT(C47,2)="PI","Pipamas","")))) -> ICI | C47: ICSLM82 | D47: FAJAR NUGRAHA | E47: 45616 | G47: =VLOOKUP(Table79101112133[[#This Row],[Februari]],'Clean Data HR'!$G$2:$H$102,2,0) -> PMB2411002 | H47: 1672882235
A48: =IF(LEFT(RIGHT(C48,2),1)="0","Bandung",IF(LEFT(RIGHT(C48,2),1)="2","PCK",IF(LEFT(RIGHT(C48,2),1)="6","Cirebon",IF(LEFT(RIGHT(C48,2),1)="7","Tasik",IF(LEFT(RIGHT(C48,2),1)="8","Bogor",""))))) -> Bogor | B48: =IF(LEFT(C48,2)="EL","Elektrik",IF(LEFT(C48,2)="PP","Pipa Pompa",IF(LEFT(C48,2)="IC","ICI",IF(LEFT(C48,2)="PI","Pipamas","")))) -> ICI | C48: ICSLM83 | D48: ZAENUDIN | E48: 44341 | G48: =VLOOKUP(Table79101112133[[#This Row],[Februari]],'Clean Data HR'!$G$2:$H$102,2,0) -> PMB2105004 | H48: 8720710197
A49: =IF(LEFT(RIGHT(C49,2),1)="0","Bandung",IF(LEFT(RIGHT(C49,2),1)="2","PCK",IF(LEFT(RIGHT(C49,2),1)="6","Cirebon",IF(LEFT(RIGHT(C49,2),1)="7","Tasik",IF(LEFT(RIGHT(C49,2),1)="8","Bogor",""))))) -> Bogor | B49: =IF(LEFT(C49,2)="EL","Elektrik",IF(LEFT(C49,2)="PP","Pipa Pompa",IF(LEFT(C49,2)="IC","ICI",IF(LEFT(C49,2)="PI","Pipamas","")))) -> ICI | C49: ICSLM84 | D49: LUCKY GEMA CHRISTYAN SYAH | E49: 43731 | G49: =VLOOKUP(Table79101112133[[#This Row],[Februari]],'Clean Data HR'!$G$2:$H$102,2,0) -> PMB1909012 | H49: 3370017751
A50: =IF(LEFT(RIGHT(C50,2),1)="0","Bandung",IF(LEFT(RIGHT(C50,2),1)="2","PCK",IF(LEFT(RIGHT(C50,2),1)="6","Cirebon",IF(LEFT(RIGHT(C50,2),1)="7","Tasik",IF(LEFT(RIGHT(C50,2),1)="8","Bogor",""))))) -> Bogor | B50: =IF(LEFT(C50,2)="EL","Elektrik",IF(LEFT(C50,2)="PP","Pipa Pompa",IF(LEFT(C50,2)="IC","ICI",IF(LEFT(C50,2)="PI","Pipamas","")))) -> ICI | C50: ICSLM85 | D50: VACANT | E50: 0 | G50: =VLOOKUP(Table79101112133[[#This Row],[Februari]],'Clean Data HR'!$G$2:$H$102,2,0) -> #N/A | H50: 0
A51: Bogor | B51: =IF(LEFT(C51,2)="EL","Elektrik",IF(LEFT(C51,2)="PP","Pipa Pompa",IF(LEFT(C51,2)="IC","ICI",IF(LEFT(C51,2)="PI","Pipamas","")))) -> ICI | C51: ICSPV08 | D51: ZAINAL HAKIKI | E51: 45901 | G51: =VLOOKUP(Table79101112133[[#This Row],[Februari]],'Clean Data HR'!$G$2:$H$102,2,0) -> PMD2509001 | H51: 6820539786
A52: =IF(LEFT(RIGHT(C52,2),1)="0","Bandung",IF(LEFT(RIGHT(C52,2),1)="2","PCK",IF(LEFT(RIGHT(C52,2),1)="6","Cirebon",IF(LEFT(RIGHT(C52,2),1)="7","Tasik",IF(LEFT(RIGHT(C52,2),1)="8","Bogor",""))))) -> Bandung | B52: =IF(LEFT(C52,2)="EL","Elektrik",IF(LEFT(C52,2)="PP","Pipa Pompa",IF(LEFT(C52,2)="IC","ICI",IF(LEFT(C52,2)="PI","Pipamas","")))) -> Pipamas | C52: PISPV01 | D52: Wandy Wijaya | G52: PMD2508001 | H52: 4532128815
A53: =IF(LEFT(RIGHT(C53,2),1)="0","Bandung",IF(LEFT(RIGHT(C53,2),1)="2","PCK",IF(LEFT(RIGHT(C53,2),1)="6","Cirebon",IF(LEFT(RIGHT(C53,2),1)="7","Tasik",IF(LEFT(RIGHT(C53,2),1)="8","Bogor",""))))) -> Bandung | B53: =IF(LEFT(C53,2)="EL","Elektrik",IF(LEFT(C53,2)="PP","Pipa Pompa",IF(LEFT(C53,2)="IC","ICI",IF(LEFT(C53,2)="PI","Pipamas","")))) -> Pipamas | C53: PISLP01 | D53: ASEP SOPIYAN | E53: 45896 | G53: =VLOOKUP(Table79101112133[[#This Row],[Februari]],'Clean Data HR'!$G$2:$H$102,2,0) -> PMD2508010 | H53: 3790592777
A54: =IF(LEFT(RIGHT(C54,2),1)="0","Bandung",IF(LEFT(RIGHT(C54,2),1)="2","PCK",IF(LEFT(RIGHT(C54,2),1)="6","Cirebon",IF(LEFT(RIGHT(C54,2),1)="7","Tasik",IF(LEFT(RIGHT(C54,2),1)="8","Bogor",""))))) -> Bandung | B54: =IF(LEFT(C54,2)="EL","Elektrik",IF(LEFT(C54,2)="PP","Pipa Pompa",IF(LEFT(C54,2)="IC","ICI",IF(LEFT(C54,2)="PI","Pipamas","")))) -> Pipamas | C54: PISLP02 | D54: HARI WIHARYANA | E54: 45904 | G54: =VLOOKUP(Table79101112133[[#This Row],[Februari]],'Clean Data HR'!$G$2:$H$102,2,0) -> PMD2509003 | H54: 2800939910
A55: =IF(LEFT(RIGHT(C55,2),1)="0","Bandung",IF(LEFT(RIGHT(C55,2),1)="2","PCK",IF(LEFT(RIGHT(C55,2),1)="6","Cirebon",IF(LEFT(RIGHT(C55,2),1)="7","Tasik",IF(LEFT(RIGHT(C55,2),1)="8","Bogor",""))))) -> Bandung | B55: =IF(LEFT(C55,2)="EL","Elektrik",IF(LEFT(C55,2)="PP","Pipa Pompa",IF(LEFT(C55,2)="IC","ICI",IF(LEFT(C55,2)="PI","Pipamas","")))) -> Pipamas | C55: PISLP03 | D55: VACANT | E55: 0 | G55: =VLOOKUP(Table79101112133[[#This Row],[Februari]],'Clean Data HR'!$G$2:$H$102,2,0) -> #N/A | H55: 0
A56: =IF(LEFT(RIGHT(C56,2),1)="0","Bandung",IF(LEFT(RIGHT(C56,2),1)="2","PCK",IF(LEFT(RIGHT(C56,2),1)="6","Cirebon",IF(LEFT(RIGHT(C56,2),1)="7","Tasik",IF(LEFT(RIGHT(C56,2),1)="8","Bogor",""))))) -> Bandung | B56: =IF(LEFT(C56,2)="EL","Elektrik",IF(LEFT(C56,2)="PP","Pipa Pompa",IF(LEFT(C56,2)="IC","ICI",IF(LEFT(C56,2)="PI","Pipamas","")))) -> Pipamas | C56: PISLP04 | D56: GUGUN HANAFI | E56: kosong | G56: =VLOOKUP(Table79101112133[[#This Row],[Februari]],'Clean Data HR'!$G$2:$H$102,2,0) -> PMD2503004 | H56: 1560108695
A57: =IF(LEFT(RIGHT(C57,2),1)="0","Bandung",IF(LEFT(RIGHT(C57,2),1)="2","PCK",IF(LEFT(RIGHT(C57,2),1)="6","Cirebon",IF(LEFT(RIGHT(C57,2),1)="7","Tasik",IF(LEFT(RIGHT(C57,2),1)="8","Bogor",""))))) -> Bandung | B57: =IF(LEFT(C57,2)="EL","Elektrik",IF(LEFT(C57,2)="PP","Pipa Pompa",IF(LEFT(C57,2)="IC","ICI",IF(LEFT(C57,2)="PI","Pipamas","")))) -> Pipamas | C57: PISLP05 | D57: VACANT | E57: 0 | G57: =VLOOKUP(Table79101112133[[#This Row],[Februari]],'Clean Data HR'!$G$2:$H$102,2,0) -> #N/A | H57: 0
A58: =IF(LEFT(RIGHT(C58,2),1)="0","Bandung",IF(LEFT(RIGHT(C58,2),1)="2","PCK",IF(LEFT(RIGHT(C58,2),1)="6","Cirebon",IF(LEFT(RIGHT(C58,2),1)="7","Tasik",IF(LEFT(RIGHT(C58,2),1)="8","Bogor",""))))) -> Bandung | B58: =IF(LEFT(C58,2)="EL","Elektrik",IF(LEFT(C58,2)="PP","Pipa Pompa",IF(LEFT(C58,2)="IC","ICI",IF(LEFT(C58,2)="PI","Pipamas","")))) -> Pipamas | C58: PISLP06 | D58: ADITYA MUHAMMAD RAMDHAN | E58: 45727 | G58: =VLOOKUP(Table79101112133[[#This Row],[Februari]],'Clean Data HR'!$G$2:$H$102,2,0) -> PMD2503003 | H58: 7750965185
A59: =IF(LEFT(RIGHT(C59,2),1)="0","Bandung",IF(LEFT(RIGHT(C59,2),1)="2","PCK",IF(LEFT(RIGHT(C59,2),1)="6","Cirebon",IF(LEFT(RIGHT(C59,2),1)="7","Tasik",IF(LEFT(RIGHT(C59,2),1)="8","Bogor",""))))) -> Bandung | B59: =IF(LEFT(C59,2)="EL","Elektrik",IF(LEFT(C59,2)="PP","Pipa Pompa",IF(LEFT(C59,2)="IC","ICI",IF(LEFT(C59,2)="PI","Pipamas","")))) -> Pipamas | C59: PISLP07 | D59: BAGUS GUMILAR | E59: 44858 | G59: =VLOOKUP(Table79101112133[[#This Row],[Februari]],'Clean Data HR'!$G$2:$H$102,2,0) -> PMD2210008 | H59: 0083879235
A60: =IF(LEFT(RIGHT(C60,2),1)="0","Bandung",IF(LEFT(RIGHT(C60,2),1)="2","PCK",IF(LEFT(RIGHT(C60,2),1)="6","Cirebon",IF(LEFT(RIGHT(C60,2),1)="7","Tasik",IF(LEFT(RIGHT(C60,2),1)="8","Bogor",""))))) -> Bandung | B60: =IF(LEFT(C60,2)="EL","Elektrik",IF(LEFT(C60,2)="PP","Pipa Pompa",IF(LEFT(C60,2)="IC","ICI",IF(LEFT(C60,2)="PI","Pipamas","")))) -> Pipamas | C60: PISLP08 | D60: MUHAMMAD RIKI SAFARI | E60: 45792 | G60: =VLOOKUP(Table79101112133[[#This Row],[Februari]],'Clean Data HR'!$G$2:$H$102,2,0) -> PMD2109007 | H60: 2831290783
A61: =IF(LEFT(RIGHT(C61,2),1)="0","Bandung",IF(LEFT(RIGHT(C61,2),1)="2","PCK",IF(LEFT(RIGHT(C61,2),1)="6","Cirebon",IF(LEFT(RIGHT(C61,2),1)="7","Tasik",IF(LEFT(RIGHT(C61,2),1)="8","Bogor",""))))) -> Bandung | B61: =IF(LEFT(C61,2)="EL","Elektrik",IF(LEFT(C61,2)="PP","Pipa Pompa",IF(LEFT(C61,2)="IC","ICI",IF(LEFT(C61,2)="PI","Pipamas","")))) -> Pipamas | C61: PISLP09 | D61: IKHSAN MAULANA YUSUF | E61: 45887 | G61: =VLOOKUP(Table79101112133[[#This Row],[Februari]],'Clean Data HR'!$G$2:$H$102,2,0) -> PMD2508004 | H61: 8320689768
A62: Bandung | B62: =IF(LEFT(C62,2)="EL","Elektrik",IF(LEFT(C62,2)="PP","Pipa Pompa",IF(LEFT(C62,2)="IC","ICI",IF(LEFT(C62,2)="PI","Pipamas","")))) -> Pipamas | C62: PISLP10 | D62: ANRE IKHSAN ROSYADI | E62: 45792 | G62: =VLOOKUP(Table79101112133[[#This Row],[Februari]],'Clean Data HR'!$G$2:$H$102,2,0) -> PMD2505002 | H62: 4310478577
A63: Bandung | B63: =IF(LEFT(C63,2)="EL","Elektrik",IF(LEFT(C63,2)="PP","Pipa Pompa",IF(LEFT(C63,2)="IC","ICI",IF(LEFT(C63,2)="PI","Pipamas","")))) -> Pipamas | C63: PISLP11 | D63: RIZAL ZAELANI | E63: 45996 | G63: =VLOOKUP(Table79101112133[[#This Row],[Februari]],'Clean Data HR'!$G$2:$H$102,2,0) -> PMD2512003 | H63: 4461503378
A64: =IF(LEFT(RIGHT(C64,2),1)="0","Bandung",IF(LEFT(RIGHT(C64,2),1)="2","PCK",IF(LEFT(RIGHT(C64,2),1)="6","Cirebon",IF(LEFT(RIGHT(C64,2),1)="7","Tasik",IF(LEFT(RIGHT(C64,2),1)="8","Bogor",""))))) -> Bandung | B64: =IF(LEFT(C64,2)="EL","Elektrik",IF(LEFT(C64,2)="PP","Pipa Pompa",IF(LEFT(C64,2)="IC","ICI",IF(LEFT(C64,2)="PI","Pipamas","")))) -> Pipamas | C64: PICOS01 | D64: RICKI GALIH GINANJAR | E64: 45169 | G64: =VLOOKUP(Table79101112133[[#This Row],[Februari]],'Clean Data HR'!$G$2:$H$102,2,0) -> PMD2207003 | H64: 1560107931
A65: Bandung | B65: =IF(LEFT(C65,2)="EL","Elektrik",IF(LEFT(C65,2)="PP","Pipa Pompa",IF(LEFT(C65,2)="IC","ICI",IF(LEFT(C65,2)="PI","Pipamas","")))) -> Pipamas | C65: PICOS21 | D65: BILLY SUGIARTO | E65: 46000 | G65: =VLOOKUP(Table79101112133[[#This Row],[Februari]],'Clean Data HR'!$G$2:$H$102,2,0) -> PMD2512006 | H65: 8090609018
A66: =IF(LEFT(RIGHT(C66,2),1)="0","Bandung",IF(LEFT(RIGHT(C66,2),1)="2","PCK",IF(LEFT(RIGHT(C66,2),1)="6","Cirebon",IF(LEFT(RIGHT(C66,2),1)="7","Tasik",IF(LEFT(RIGHT(C66,2),1)="8","Bogor",""))))) -> PCK | B66: =IF(LEFT(C66,2)="EL","Elektrik",IF(LEFT(C66,2)="PP","Pipa Pompa",IF(LEFT(C66,2)="IC","ICI",IF(LEFT(C66,2)="PI","Pipamas","")))) -> Pipamas | C66: PISLP26 | D66: AFIF MUSTAFA | E66: 45104 | G66: =VLOOKUP(Table79101112133[[#This Row],[Februari]],'Clean Data HR'!$G$2:$H$102,2,0) -> PMK2306002 | H66: 0662788285
A67: =IF(LEFT(RIGHT(C67,2),1)="0","Bandung",IF(LEFT(RIGHT(C67,2),1)="2","PCK",IF(LEFT(RIGHT(C67,2),1)="6","Cirebon",IF(LEFT(RIGHT(C67,2),1)="7","Tasik",IF(LEFT(RIGHT(C67,2),1)="8","Bogor",""))))) -> Cirebon | B67: =IF(LEFT(C67,2)="EL","Elektrik",IF(LEFT(C67,2)="PP","Pipa Pompa",IF(LEFT(C67,2)="IC","ICI",IF(LEFT(C67,2)="PI","Pipamas","")))) -> Pipamas | C67: PISLP60 | D67: BUDI HANDOKO | E67: 45841 | G67: =VLOOKUP(Table79101112133[[#This Row],[Februari]],'Clean Data HR'!$G$2:$H$102,2,0) -> PMC2507001 | H67: 8180252151
A68: =IF(LEFT(RIGHT(C68,2),1)="0","Bandung",IF(LEFT(RIGHT(C68,2),1)="2","PCK",IF(LEFT(RIGHT(C68,2),1)="6","Cirebon",IF(LEFT(RIGHT(C68,2),1)="7","Tasik",IF(LEFT(RIGHT(C68,2),1)="8","Bogor",""))))) -> Cirebon | B68: =IF(LEFT(C68,2)="EL","Elektrik",IF(LEFT(C68,2)="PP","Pipa Pompa",IF(LEFT(C68,2)="IC","ICI",IF(LEFT(C68,2)="PI","Pipamas","")))) -> Pipamas | C68: PISLP61 | D68: HERNADO | E68: 45824 | G68: =VLOOKUP(Table79101112133[[#This Row],[Februari]],'Clean Data HR'!$G$2:$H$102,2,0) -> PMC2506002 | H68: 1342304294
A69: =IF(LEFT(RIGHT(C69,2),1)="0","Bandung",IF(LEFT(RIGHT(C69,2),1)="2","PCK",IF(LEFT(RIGHT(C69,2),1)="6","Cirebon",IF(LEFT(RIGHT(C69,2),1)="7","Tasik",IF(LEFT(RIGHT(C69,2),1)="8","Bogor",""))))) -> Cirebon | B69: =IF(LEFT(C69,2)="EL","Elektrik",IF(LEFT(C69,2)="PP","Pipa Pompa",IF(LEFT(C69,2)="IC","ICI",IF(LEFT(C69,2)="PI","Pipamas","")))) -> Pipamas | C69: PISLP62 | D69: MOCHAMAD TRIANA | E69: 45873 | G69: =VLOOKUP(Table79101112133[[#This Row],[Februari]],'Clean Data HR'!$G$2:$H$102,2,0) -> PMC2508001 | H69: 8180322745
A70: =IF(LEFT(RIGHT(C70,2),1)="0","Bandung",IF(LEFT(RIGHT(C70,2),1)="2","PCK",IF(LEFT(RIGHT(C70,2),1)="6","Cirebon",IF(LEFT(RIGHT(C70,2),1)="7","Tasik",IF(LEFT(RIGHT(C70,2),1)="8","Bogor",""))))) -> Tasik | B70: =IF(LEFT(C70,2)="EL","Elektrik",IF(LEFT(C70,2)="PP","Pipa Pompa",IF(LEFT(C70,2)="IC","ICI",IF(LEFT(C70,2)="PI","Pipamas","")))) -> Pipamas | C70: PISLP71 | D70: DUDI SIDIK PERMANA | E70: 44835 | G70: =VLOOKUP(Table79101112133[[#This Row],[Februari]],'Clean Data HR'!$G$2:$H$102,2,0) -> PMT2209002 | H70: 2030529947
A71: =IF(LEFT(RIGHT(C71,2),1)="0","Bandung",IF(LEFT(RIGHT(C71,2),1)="2","PCK",IF(LEFT(RIGHT(C71,2),1)="6","Cirebon",IF(LEFT(RIGHT(C71,2),1)="7","Tasik",IF(LEFT(RIGHT(C71,2),1)="8","Bogor",""))))) -> Tasik | B71: =IF(LEFT(C71,2)="EL","Elektrik",IF(LEFT(C71,2)="PP","Pipa Pompa",IF(LEFT(C71,2)="IC","ICI",IF(LEFT(C71,2)="PI","Pipamas","")))) -> Pipamas | C71: PISLP72 | D71: JAKA PURNAMA | E71: 46064 | G71: =VLOOKUP(Table79101112133[[#This Row],[Februari]],'Clean Data HR'!$G$2:$H$102,2,0) -> PMD2602006 | H71: 6880400809 | I71: Pengganti Rudi Ruswandi keluar tgl. 2/2/2026
A72: =IF(LEFT(RIGHT(C72,2),1)="0","Bandung",IF(LEFT(RIGHT(C72,2),1)="2","PCK",IF(LEFT(RIGHT(C72,2),1)="6","Cirebon",IF(LEFT(RIGHT(C72,2),1)="7","Tasik",IF(LEFT(RIGHT(C72,2),1)="8","Bogor",""))))) -> Tasik | B72: =IF(LEFT(C72,2)="EL","Elektrik",IF(LEFT(C72,2)="PP","Pipa Pompa",IF(LEFT(C72,2)="IC","ICI",IF(LEFT(C72,2)="PI","Pipamas","")))) -> Pipamas | C72: PISLP73 | D72: ERI APRILIAN RUSLIANA | E72: 45803 | G72: =VLOOKUP(Table79101112133[[#This Row],[Februari]],'Clean Data HR'!$G$2:$H$102,2,0) -> PMT2505001 | H72: 2080770807
A73: =IF(LEFT(RIGHT(C73,2),1)="0","Bandung",IF(LEFT(RIGHT(C73,2),1)="2","PCK",IF(LEFT(RIGHT(C73,2),1)="6","Cirebon",IF(LEFT(RIGHT(C73,2),1)="7","Tasik",IF(LEFT(RIGHT(C73,2),1)="8","Bogor",""))))) -> Tasik | B73: =IF(LEFT(C73,2)="EL","Elektrik",IF(LEFT(C73,2)="PP","Pipa Pompa",IF(LEFT(C73,2)="IC","ICI",IF(LEFT(C73,2)="PI","Pipamas","")))) -> Pipamas | C73: PISLP74 | D73: RD. SANNY SOEDJONO, SE | E73: 46069 | G73: =VLOOKUP(Table79101112133[[#This Row],[Februari]],'Clean Data HR'!$G$2:$H$102,2,0) -> PMD2602009 | H73: 2090803967
A74: =IF(LEFT(RIGHT(C74,2),1)="0","Bandung",IF(LEFT(RIGHT(C74,2),1)="2","PCK",IF(LEFT(RIGHT(C74,2),1)="6","Cirebon",IF(LEFT(RIGHT(C74,2),1)="7","Tasik",IF(LEFT(RIGHT(C74,2),1)="8","Bogor",""))))) -> Tasik | B74: =IF(LEFT(C74,2)="EL","Elektrik",IF(LEFT(C74,2)="PP","Pipa Pompa",IF(LEFT(C74,2)="IC","ICI",IF(LEFT(C74,2)="PI","Pipamas","")))) -> Pipamas | C74: PISLP75 | D74: VACANT | E74: 0 | G74: =VLOOKUP(Table79101112133[[#This Row],[Februari]],'Clean Data HR'!$G$2:$H$102,2,0) -> #N/A | H74: 0
A75: =IF(LEFT(RIGHT(C75,2),1)="0","Bandung",IF(LEFT(RIGHT(C75,2),1)="2","PCK",IF(LEFT(RIGHT(C75,2),1)="6","Cirebon",IF(LEFT(RIGHT(C75,2),1)="7","Tasik",IF(LEFT(RIGHT(C75,2),1)="8","Bogor",""))))) -> Bogor | B75: =IF(LEFT(C75,2)="EL","Elektrik",IF(LEFT(C75,2)="PP","Pipa Pompa",IF(LEFT(C75,2)="IC","ICI",IF(LEFT(C75,2)="PI","Pipamas","")))) -> Pipamas | C75: PISLP81 | D75: LILI MURTADO | E75: 44496 | G75: =VLOOKUP(Table79101112133[[#This Row],[Februari]],'Clean Data HR'!$G$2:$H$102,2,0) -> PMB2110006 | H75: 8691144780
A76: =IF(LEFT(RIGHT(C76,2),1)="0","Bandung",IF(LEFT(RIGHT(C76,2),1)="2","PCK",IF(LEFT(RIGHT(C76,2),1)="6","Cirebon",IF(LEFT(RIGHT(C76,2),1)="7","Tasik",IF(LEFT(RIGHT(C76,2),1)="8","Bogor",""))))) -> Bogor | B76: =IF(LEFT(C76,2)="EL","Elektrik",IF(LEFT(C76,2)="PP","Pipa Pompa",IF(LEFT(C76,2)="IC","ICI",IF(LEFT(C76,2)="PI","Pipamas","")))) -> Pipamas | C76: PISLP82 | D76: MULYADI | E76: 46021 | G76: =VLOOKUP(Table79101112133[[#This Row],[Februari]],'Clean Data HR'!$G$2:$H$102,2,0) -> PMD2512012 | H76: 4270520851
A77: =IF(LEFT(RIGHT(C77,2),1)="0","Bandung",IF(LEFT(RIGHT(C77,2),1)="2","PCK",IF(LEFT(RIGHT(C77,2),1)="6","Cirebon",IF(LEFT(RIGHT(C77,2),1)="7","Tasik",IF(LEFT(RIGHT(C77,2),1)="8","Bogor",""))))) -> Bogor | B77: =IF(LEFT(C77,2)="EL","Elektrik",IF(LEFT(C77,2)="PP","Pipa Pompa",IF(LEFT(C77,2)="IC","ICI",IF(LEFT(C77,2)="PI","Pipamas","")))) -> Pipamas | C77: PISLP83 | D77: FEBIANSYAH | E77: 44903 | G77: =VLOOKUP(Table79101112133[[#This Row],[Februari]],'Clean Data HR'!$G$2:$H$102,2,0) -> PMB2212003 | H77: 5470418682
A78: =IF(LEFT(RIGHT(C78,2),1)="0","Bandung",IF(LEFT(RIGHT(C78,2),1)="2","PCK",IF(LEFT(RIGHT(C78,2),1)="6","Cirebon",IF(LEFT(RIGHT(C78,2),1)="7","Tasik",IF(LEFT(RIGHT(C78,2),1)="8","Bogor",""))))) -> Bogor | B78: =IF(LEFT(C78,2)="EL","Elektrik",IF(LEFT(C78,2)="PP","Pipa Pompa",IF(LEFT(C78,2)="IC","ICI",IF(LEFT(C78,2)="PI","Pipamas","")))) -> Pipamas | C78: PISLP84 | D78: ARTANTO | E78: 45944 | G78: =VLOOKUP(Table79101112133[[#This Row],[Februari]],'Clean Data HR'!$G$2:$H$102,2,0) -> PMD2510002 | H78: 0953302303
A79: =IF(LEFT(RIGHT(C79,2),1)="0","Bandung",IF(LEFT(RIGHT(C79,2),1)="2","PCK",IF(LEFT(RIGHT(C79,2),1)="6","Cirebon",IF(LEFT(RIGHT(C79,2),1)="7","Tasik",IF(LEFT(RIGHT(C79,2),1)="8","Bogor",""))))) -> Bogor | B79: =IF(LEFT(C79,2)="EL","Elektrik",IF(LEFT(C79,2)="PP","Pipa Pompa",IF(LEFT(C79,2)="IC","ICI",IF(LEFT(C79,2)="PI","Pipamas","")))) -> Pipamas | C79: PISLP85 | D79: VACANT | E79: 0 | G79: =VLOOKUP(Table79101112133[[#This Row],[Februari]],'Clean Data HR'!$G$2:$H$102,2,0) -> #N/A | H79: 0
A80: =IF(LEFT(RIGHT(C80,2),1)="0","Bandung",IF(LEFT(RIGHT(C80,2),1)="2","PCK",IF(LEFT(RIGHT(C80,2),1)="6","Cirebon",IF(LEFT(RIGHT(C80,2),1)="7","Tasik",IF(LEFT(RIGHT(C80,2),1)="8","Bogor",""))))) -> Bandung | B80: Pipa Pompa | C80: SPVPP01 | D80: Martinus Laia | G80: PMD1610002 | H80: 4371830329
A81: =IF(LEFT(RIGHT(C81,2),1)="0","Bandung",IF(LEFT(RIGHT(C81,2),1)="2","PCK",IF(LEFT(RIGHT(C81,2),1)="6","Cirebon",IF(LEFT(RIGHT(C81,2),1)="7","Tasik",IF(LEFT(RIGHT(C81,2),1)="8","Bogor",""))))) -> Bandung | B81: =IF(LEFT(C81,2)="EL","Elektrik",IF(LEFT(C81,2)="PP","Pipa Pompa",IF(LEFT(C81,2)="IC","ICI",IF(LEFT(C81,2)="PI","Pipamas","")))) -> Pipa Pompa | C81: PPSLM01 | D81: AGUS GUNAWAN | E81: 45334 | G81: =VLOOKUP(Table79101112133[[#This Row],[Februari]],'Clean Data HR'!$G$2:$H$102,2,0) -> PMD2402001 | H81: 8103039361
A82: =IF(LEFT(RIGHT(C82,2),1)="0","Bandung",IF(LEFT(RIGHT(C82,2),1)="2","PCK",IF(LEFT(RIGHT(C82,2),1)="6","Cirebon",IF(LEFT(RIGHT(C82,2),1)="7","Tasik",IF(LEFT(RIGHT(C82,2),1)="8","Bogor",""))))) -> Bandung | B82: =IF(LEFT(C82,2)="EL","Elektrik",IF(LEFT(C82,2)="PP","Pipa Pompa",IF(LEFT(C82,2)="IC","ICI",IF(LEFT(C82,2)="PI","Pipamas","")))) -> Pipa Pompa | C82: PPSLM02 | D82: TEGOEH PRAMONO | E82: 45978 | G82: =VLOOKUP(Table79101112133[[#This Row],[Februari]],'Clean Data HR'!$G$2:$H$102,2,0) -> PMD2511002 | H82: 2831900280
A83: =IF(LEFT(RIGHT(C83,2),1)="0","Bandung",IF(LEFT(RIGHT(C83,2),1)="2","PCK",IF(LEFT(RIGHT(C83,2),1)="6","Cirebon",IF(LEFT(RIGHT(C83,2),1)="7","Tasik",IF(LEFT(RIGHT(C83,2),1)="8","Bogor",""))))) -> Bandung | B83: =IF(LEFT(C83,2)="EL","Elektrik",IF(LEFT(C83,2)="PP","Pipa Pompa",IF(LEFT(C83,2)="IC","ICI",IF(LEFT(C83,2)="PI","Pipamas","")))) -> Pipa Pompa | C83: PPSLM03 | D83: VACANT | E83: 0 | G83: =VLOOKUP(Table79101112133[[#This Row],[Februari]],'Clean Data HR'!$G$2:$H$102,2,0) -> #N/A | H83: 0
A84: =IF(LEFT(RIGHT(C84,2),1)="0","Bandung",IF(LEFT(RIGHT(C84,2),1)="2","PCK",IF(LEFT(RIGHT(C84,2),1)="6","Cirebon",IF(LEFT(RIGHT(C84,2),1)="7","Tasik",IF(LEFT(RIGHT(C84,2),1)="8","Bogor",""))))) -> Bandung | B84: =IF(LEFT(C84,2)="EL","Elektrik",IF(LEFT(C84,2)="PP","Pipa Pompa",IF(LEFT(C84,2)="IC","ICI",IF(LEFT(C84,2)="PI","Pipamas","")))) -> Pipa Pompa | C84: PPSLM04 | D84: ANDRE SETIAWAN | E84: 45481 | G84: =VLOOKUP(Table79101112133[[#This Row],[Februari]],'Clean Data HR'!$G$2:$H$102,2,0) -> PMD2407002 | H84: 1760287934
A85: =IF(LEFT(RIGHT(C85,2),1)="0","Bandung",IF(LEFT(RIGHT(C85,2),1)="2","PCK",IF(LEFT(RIGHT(C85,2),1)="6","Cirebon",IF(LEFT(RIGHT(C85,2),1)="7","Tasik",IF(LEFT(RIGHT(C85,2),1)="8","Bogor",""))))) -> Bandung | B85: =IF(LEFT(C85,2)="EL","Elektrik",IF(LEFT(C85,2)="PP","Pipa Pompa",IF(LEFT(C85,2)="IC","ICI",IF(LEFT(C85,2)="PI","Pipamas","")))) -> Pipa Pompa | C85: PPSLM05 | D85: YUS YUSUF ANGGA SETIABUDI | E85: 45894 | G85: =VLOOKUP(Table79101112133[[#This Row],[Februari]],'Clean Data HR'!$G$2:$H$102,2,0) -> PMD2107003 | H85: 2830811802
A86: =IF(LEFT(RIGHT(C86,2),1)="0","Bandung",IF(LEFT(RIGHT(C86,2),1)="2","PCK",IF(LEFT(RIGHT(C86,2),1)="6","Cirebon",IF(LEFT(RIGHT(C86,2),1)="7","Tasik",IF(LEFT(RIGHT(C86,2),1)="8","Bogor",""))))) -> Bandung | B86: =IF(LEFT(C86,2)="EL","Elektrik",IF(LEFT(C86,2)="PP","Pipa Pompa",IF(LEFT(C86,2)="IC","ICI",IF(LEFT(C86,2)="PI","Pipamas","")))) -> Pipa Pompa | C86: PPSLM06 | D86: ERLAN SOPIANA | E86: 45713 | G86: =VLOOKUP(Table79101112133[[#This Row],[Februari]],'Clean Data HR'!$G$2:$H$102,2,0) -> PMD2502005 | H86: 2801445111
A87: =IF(LEFT(RIGHT(C87,2),1)="0","Bandung",IF(LEFT(RIGHT(C87,2),1)="2","PCK",IF(LEFT(RIGHT(C87,2),1)="6","Cirebon",IF(LEFT(RIGHT(C87,2),1)="7","Tasik",IF(LEFT(RIGHT(C87,2),1)="8","Bogor",""))))) -> Bandung | B87: =IF(LEFT(C87,2)="EL","Elektrik",IF(LEFT(C87,2)="PP","Pipa Pompa",IF(LEFT(C87,2)="IC","ICI",IF(LEFT(C87,2)="PI","Pipamas","")))) -> Pipa Pompa | C87: PPSLM07 | D87: LEO FERDIANSYAH | E87: 45979 | G87: =VLOOKUP(Table79101112133[[#This Row],[Februari]],'Clean Data HR'!$G$2:$H$102,2,0) -> PMD2511004 | H87: 1392396947
A88: =IF(LEFT(RIGHT(C88,2),1)="0","Bandung",IF(LEFT(RIGHT(C88,2),1)="2","PCK",IF(LEFT(RIGHT(C88,2),1)="6","Cirebon",IF(LEFT(RIGHT(C88,2),1)="7","Tasik",IF(LEFT(RIGHT(C88,2),1)="8","Bogor",""))))) -> Bandung | B88: =IF(LEFT(C88,2)="EL","Elektrik",IF(LEFT(C88,2)="PP","Pipa Pompa",IF(LEFT(C88,2)="IC","ICI",IF(LEFT(C88,2)="PI","Pipamas","")))) -> Pipa Pompa | C88: PPSLM08 | D88: HENDIKUS WARUWU | E88: 45838 | G88: =VLOOKUP(Table79101112133[[#This Row],[Februari]],'Clean Data HR'!$G$2:$H$102,2,0) -> PMD2506001 | H88: 8106058160
A89: =IF(LEFT(RIGHT(C89,2),1)="0","Bandung",IF(LEFT(RIGHT(C89,2),1)="2","PCK",IF(LEFT(RIGHT(C89,2),1)="6","Cirebon",IF(LEFT(RIGHT(C89,2),1)="7","Tasik",IF(LEFT(RIGHT(C89,2),1)="8","Bogor",""))))) -> Bandung | B89: =IF(LEFT(C89,2)="EL","Elektrik",IF(LEFT(C89,2)="PP","Pipa Pompa",IF(LEFT(C89,2)="IC","ICI",IF(LEFT(C89,2)="PI","Pipamas","")))) -> Pipa Pompa | C89: PPSLM09 | D89: ASTON VILLA | E89: 44172 | G89: =VLOOKUP(Table79101112133[[#This Row],[Februari]],'Clean Data HR'!$G$2:$H$102,2,0) -> PMD2012002 | H89: 0631281850
A90: =IF(LEFT(RIGHT(C90,2),1)="0","Bandung",IF(LEFT(RIGHT(C90,2),1)="2","PCK",IF(LEFT(RIGHT(C90,2),1)="6","Cirebon",IF(LEFT(RIGHT(C90,2),1)="7","Tasik",IF(LEFT(RIGHT(C90,2),1)="8","Bogor",""))))) -> PCK | B90: =IF(LEFT(C90,2)="EL","Elektrik",IF(LEFT(C90,2)="PP","Pipa Pompa",IF(LEFT(C90,2)="IC","ICI",IF(LEFT(C90,2)="PI","Pipamas","")))) -> Pipa Pompa | C90: PPSLM24 | D90: ASEP ANANG RUSMANA | E90: 44538 | G90: =VLOOKUP(Table79101112133[[#This Row],[Februari]],'Clean Data HR'!$G$2:$H$102,2,0) -> PMK2112008 | H90: 1092167482
A91: =IF(LEFT(RIGHT(C91,2),1)="0","Bandung",IF(LEFT(RIGHT(C91,2),1)="2","PCK",IF(LEFT(RIGHT(C91,2),1)="6","Cirebon",IF(LEFT(RIGHT(C91,2),1)="7","Tasik",IF(LEFT(RIGHT(C91,2),1)="8","Bogor",""))))) -> Cirebon | B91: =IF(LEFT(C91,2)="EL","Elektrik",IF(LEFT(C91,2)="PP","Pipa Pompa",IF(LEFT(C91,2)="IC","ICI",IF(LEFT(C91,2)="PI","Pipamas","")))) -> Pipa Pompa | C91: PPSLM60 | D91: DENI JUNAENI ADRIYADI | E91: 45509 | G91: =VLOOKUP(Table79101112133[[#This Row],[Februari]],'Clean Data HR'!$G$2:$H$102,2,0) -> PMC2408001 | H91: 1342870354
A92: =IF(LEFT(RIGHT(C92,2),1)="0","Bandung",IF(LEFT(RIGHT(C92,2),1)="2","PCK",IF(LEFT(RIGHT(C92,2),1)="6","Cirebon",IF(LEFT(RIGHT(C92,2),1)="7","Tasik",IF(LEFT(RIGHT(C92,2),1)="8","Bogor",""))))) -> Cirebon | B92: =IF(LEFT(C92,2)="EL","Elektrik",IF(LEFT(C92,2)="PP","Pipa Pompa",IF(LEFT(C92,2)="IC","ICI",IF(LEFT(C92,2)="PI","Pipamas","")))) -> Pipa Pompa | C92: PPSLM61 | D92: IMAM SANTOSO | E92: 45079 | G92: =VLOOKUP(Table79101112133[[#This Row],[Februari]],'Clean Data HR'!$G$2:$H$102,2,0) -> PMC2306001 | H92: 1341798898
A93: =IF(LEFT(RIGHT(C93,2),1)="0","Bandung",IF(LEFT(RIGHT(C93,2),1)="2","PCK",IF(LEFT(RIGHT(C93,2),1)="6","Cirebon",IF(LEFT(RIGHT(C93,2),1)="7","Tasik",IF(LEFT(RIGHT(C93,2),1)="8","Bogor",""))))) -> Cirebon | B93: =IF(LEFT(C93,2)="EL","Elektrik",IF(LEFT(C93,2)="PP","Pipa Pompa",IF(LEFT(C93,2)="IC","ICI",IF(LEFT(C93,2)="PI","Pipamas","")))) -> Pipa Pompa | C93: PPSLM62 | D93: RAHMAN ADI KUSUMA | E93: 45502 | G93: =VLOOKUP(Table79101112133[[#This Row],[Februari]],'Clean Data HR'!$G$2:$H$102,2,0) -> PMC2407003 | H93: 1341470272
A94: =IF(LEFT(RIGHT(C94,2),1)="0","Bandung",IF(LEFT(RIGHT(C94,2),1)="2","PCK",IF(LEFT(RIGHT(C94,2),1)="6","Cirebon",IF(LEFT(RIGHT(C94,2),1)="7","Tasik",IF(LEFT(RIGHT(C94,2),1)="8","Bogor",""))))) -> Cirebon | B94: =IF(LEFT(C94,2)="EL","Elektrik",IF(LEFT(C94,2)="PP","Pipa Pompa",IF(LEFT(C94,2)="IC","ICI",IF(LEFT(C94,2)="PI","Pipamas","")))) -> Pipa Pompa | C94: PPSLM63 | D94: ROHMANUDIN | E94: 45419 | G94: =VLOOKUP(Table79101112133[[#This Row],[Februari]],'Clean Data HR'!$G$2:$H$102,2,0) -> PMC2405002 | H94: 3741569866
A95: =IF(LEFT(RIGHT(C95,2),1)="0","Bandung",IF(LEFT(RIGHT(C95,2),1)="2","PCK",IF(LEFT(RIGHT(C95,2),1)="6","Cirebon",IF(LEFT(RIGHT(C95,2),1)="7","Tasik",IF(LEFT(RIGHT(C95,2),1)="8","Bogor",""))))) -> Cirebon | B95: =IF(LEFT(C95,2)="EL","Elektrik",IF(LEFT(C95,2)="PP","Pipa Pompa",IF(LEFT(C95,2)="IC","ICI",IF(LEFT(C95,2)="PI","Pipamas","")))) -> Pipa Pompa | C95: PPSLM64 | D95: WILLYANTO | E95: 44655 | G95: =VLOOKUP(Table79101112133[[#This Row],[Februari]],'Clean Data HR'!$G$2:$H$102,2,0) -> PMC2204004 | H95: 8180355414
A96: =IF(LEFT(RIGHT(C96,2),1)="0","Bandung",IF(LEFT(RIGHT(C96,2),1)="2","PCK",IF(LEFT(RIGHT(C96,2),1)="6","Cirebon",IF(LEFT(RIGHT(C96,2),1)="7","Tasik",IF(LEFT(RIGHT(C96,2),1)="8","Bogor",""))))) -> Cirebon | B96: =IF(LEFT(C96,2)="EL","Elektrik",IF(LEFT(C96,2)="PP","Pipa Pompa",IF(LEFT(C96,2)="IC","ICI",IF(LEFT(C96,2)="PI","Pipamas","")))) -> Pipa Pompa | C96: PPSLM65 | D96: ABDUROKHIM | E96: 45418 | G96: =VLOOKUP(Table79101112133[[#This Row],[Februari]],'Clean Data HR'!$G$2:$H$102,2,0) -> PMC2405001 | H96: 3741559241
A97: =IF(LEFT(RIGHT(C97,2),1)="0","Bandung",IF(LEFT(RIGHT(C97,2),1)="2","PCK",IF(LEFT(RIGHT(C97,2),1)="6","Cirebon",IF(LEFT(RIGHT(C97,2),1)="7","Tasik",IF(LEFT(RIGHT(C97,2),1)="8","Bogor",""))))) -> Tasik | B97: =IF(LEFT(C97,2)="EL","Elektrik",IF(LEFT(C97,2)="PP","Pipa Pompa",IF(LEFT(C97,2)="IC","ICI",IF(LEFT(C97,2)="PI","Pipamas","")))) -> Pipa Pompa | C97: PPSLM71 | D97: EDI ROSADI | E97: 46015 | G97: PMD2602007 | H97: 6235063992
A98: =IF(LEFT(RIGHT(C98,2),1)="0","Bandung",IF(LEFT(RIGHT(C98,2),1)="2","PCK",IF(LEFT(RIGHT(C98,2),1)="6","Cirebon",IF(LEFT(RIGHT(C98,2),1)="7","Tasik",IF(LEFT(RIGHT(C98,2),1)="8","Bogor",""))))) -> Tasik | B98: =IF(LEFT(C98,2)="EL","Elektrik",IF(LEFT(C98,2)="PP","Pipa Pompa",IF(LEFT(C98,2)="IC","ICI",IF(LEFT(C98,2)="PI","Pipamas","")))) -> Pipa Pompa | C98: PPSLM72 | D98: ADITYA APTA TRIPURNA | E98: 44907 | G98: =VLOOKUP(Table79101112133[[#This Row],[Februari]],'Clean Data HR'!$G$2:$H$102,2,0) -> PMT2212001 | H98: 0542022157
A99: =IF(LEFT(RIGHT(C99,2),1)="0","Bandung",IF(LEFT(RIGHT(C99,2),1)="2","PCK",IF(LEFT(RIGHT(C99,2),1)="6","Cirebon",IF(LEFT(RIGHT(C99,2),1)="7","Tasik",IF(LEFT(RIGHT(C99,2),1)="8","Bogor",""))))) -> Tasik | B99: =IF(LEFT(C99,2)="EL","Elektrik",IF(LEFT(C99,2)="PP","Pipa Pompa",IF(LEFT(C99,2)="IC","ICI",IF(LEFT(C99,2)="PI","Pipamas","")))) -> Pipa Pompa | C99: PPSLM73 | D99: ANGGA DWITAMA | E99: 45936 | G99: =VLOOKUP(Table79101112133[[#This Row],[Februari]],'Clean Data HR'!$G$2:$H$102,2,0) -> PMD2510001 | H99: 1381618345
A100: =IF(LEFT(RIGHT(C100,2),1)="0","Bandung",IF(LEFT(RIGHT(C100,2),1)="2","PCK",IF(LEFT(RIGHT(C100,2),1)="6","Cirebon",IF(LEFT(RIGHT(C100,2),1)="7","Tasik",IF(LEFT(RIGHT(C100,2),1)="8","Bogor",""))))) -> Tasik | B100: =IF(LEFT(C100,2)="EL","Elektrik",IF(LEFT(C100,2)="PP","Pipa Pompa",IF(LEFT(C100,2)="IC","ICI",IF(LEFT(C100,2)="PI","Pipamas","")))) -> Pipa Pompa | C100: PPSLM74 | D100: ASEP RACHMAT SAPAAT | E100: 45824 | G100: =VLOOKUP(Table79101112133[[#This Row],[Februari]],'Clean Data HR'!$G$2:$H$102,2,0) -> PMT2506003 | H100: 0542132653
...

Sheet Clean Data HR
A1: St | B1: FIX | C1: Nu | D1: NIK | E1: Lama Kerja | F1: No AC | G1: Dept and Location | H1: NIK | I1: Tgl Resign | J1: Posisi | K1: Tgl Masuk | L1: Agama | M1: Tgl Lahir | N1: Keterangan
A2: ST | B2: NO | C2: 1 | D2: PMD2207003 | E2: =((YEAR(TODAY())-YEAR(K2))*12+MONTH(TODAY())-MONTH(K2))/12 -> 2.8333333 | F2: 1560107931 | G2: RICKI GALIH GINANJAR | H2: PMD2207003 | J2: Coordinator Sales Pipamas Division | K2: 45169 | L2: Islam | M2: 32129 | P2: =VLOOKUP(D2,'[1]0524'!$B$3:$B$125,1,0) -> PMD2207003
A3: ST | B3: NO | C3: 2 | D3: PMD2109007 | E3: =((YEAR(TODAY())-YEAR(K3))*12+MONTH(TODAY())-MONTH(K3))/12 -> 4.75 | F3: 2831290783 | G3: MUHAMMAD RIKI SAFARI | H3: PMD2109007 | J3: Sales Pipamas Staff Soekarno Hatta | K3: 44460 | L3: Islam | M3: 34894 | P3: =VLOOKUP(D3,'[1]0524'!$B$3:$B$125,1,0) -> PMD2109007
A4: ST | B4: NO | C4: 3 | D4: PMD2210008 | E4: =((YEAR(TODAY())-YEAR(K4))*12+MONTH(TODAY())-MONTH(K4))/12 -> 3.6666667 | F4: 0083879235 | G4: BAGUS GUMILAR | H4: PMD2210008 | J4: Sales Pipamas Staff Soekarno Hatta | K4: 44858 | L4: Islam | M4: 34577 | P4: =VLOOKUP(D4,'[1]0524'!$B$3:$B$125,1,0) -> PMD2210008
A5: ST | B5: NO | C5: 4 | D5: PMD2503003 | E5: =((YEAR(TODAY())-YEAR(K5))*12+MONTH(TODAY())-MONTH(K5))/12 -> 1.25 | F5: 7750965185 | G5: ADITYA MUHAMMAD RAMDHAN | H5: PMD2503003 | J5: Sales Pipamas Staff Soekarno Hatta | K5: 45727 | L5: Islam | M5: 34391
A6: ST | B6: NO | C6: 5 | D6: PMD2503004 | E6: =((YEAR(TODAY())-YEAR(K6))*12+MONTH(TODAY())-MONTH(K6))/12 -> 1.25 | F6: 1560108695 | G6: GUGUN HANAFI | H6: PMD2503004 | J6: Sales Pipamas Staff Soekarno Hatta | K6: 45727 | L6: Islam | M6: 35744
A7: ST | B7: NO | C7: 6 | D7: PMD2505002 | E7: =((YEAR(TODAY())-YEAR(K7))*12+MONTH(TODAY())-MONTH(K7))/12 -> 1.0833333 | F7: 4310478577 | G7: ANRE IKHSAN ROSYADI | H7: PMD2505002 | I7: 46091 | J7: Sales Pipamas Staff Soekarno Hatta | K7: 45792 | L7: Islam | M7: 32585
A8: ST | B8: NO | C8: 7 | D8: PMD2508004 | E8: =((YEAR(TODAY())-YEAR(K8))*12+MONTH(TODAY())-MONTH(K8))/12 -> 0.83333333 | F8: 8320689768 | G8: IKHSAN MAULANA YUSUF | H8: PMD2508004 | J8: Sales Pipamas Staff Soekarno Hatta | K8: 45887 | L8: Islam | M8: 34699
A9: ST | B9: NO | C9: 8 | D9: PMD2508010 | E9: =((YEAR(TODAY())-YEAR(K9))*12+MONTH(TODAY())-MONTH(K9))/12 -> 0.83333333 | F9: 3790592777 | G9: ASEP SOPIYAN | H9: PMD2508010 | J9: Sales Pipamas Staff Soekarno Hatta | K9: 45896 | L9: Islam | M9: 30738
A10: ST | B10: NO | C10: 9 | D10: PMD2509003 | E10: =((YEAR(TODAY())-YEAR(K10))*12+MONTH(TODAY())-MONTH(K10))/12 -> 0.75 | F10: 2800939910 | G10: HARI WIHARYANA | H10: PMD2509003 | J10: Sales Pipamas Staff Soekarno Hatta | K10: 45904 | L10: Islam | M10: 29291
A11: ST | B11: NO | C11: 10 | D11: PMD2512006 | E11: =((YEAR(TODAY())-YEAR(K11))*12+MONTH(TODAY())-MONTH(K11))/12 -> 0.5 | F11: 8090609018 | G11: BILLY SUGIARTO | H11: PMD2512006 | J11: Coordinator Sales Pipamas Division | K11: 46000 | L11: Islam | M11: 33910
A12: ST | B12: NO | C12: 11 | D12: PMD2512003 | E12: =((YEAR(TODAY())-YEAR(K12))*12+MONTH(TODAY())-MONTH(K12))/12 -> 0.5 | F12: 4461503378 | G12: RIZAL ZAELANI | H12: PMD2512003 | J12: Sales Pipamas Staff Soekarno Hatta | K12: 45996 | L12: Islam | M12: 33210
A13: ST | B13: NO | C13: 1 | D13: PMD2201011 | E13: =((YEAR(TODAY())-YEAR(K13))*12+MONTH(TODAY())-MONTH(K13))/12 -> 4.4166667 | F13: 4371314568 | G13: RIDWAN FAUZAN FIRDAUS | H13: PMD2201011 | J13: Sales Electric Staff Soekarno Hatta | K13: 44588 | L13: Islam | M13: 34627 | P13: =VLOOKUP(D31,'[1]0524'!$B$3:$B$125,1,0) -> PMD2308002
A14: ST | B14: NO | C14: 2 | D14: PMD2205003 | E14: =((YEAR(TODAY())-YEAR(K14))*12+MONTH(TODAY())-MONTH(K14))/12 -> 4.0833333 | F14: 2810384045 | G14: HASUDUNGAN | H14: PMD2205003 | J14: Sales Electric Staff Soekarno Hatta | K14: 44704 | L14: Islam | M14: 31148 | P14: =VLOOKUP(#REF!,'[1]0524'!$B$3:$B$125,1,0) -> #REF!
A15: ST | B15: NO | C15: 3 | D15: PMD2408006 | E15: =((YEAR(TODAY())-YEAR(K15))*12+MONTH(TODAY())-MONTH(K15))/12 -> 1.8333333 | F15: 7940315390 | G15: SYAMSUL PALAH | H15: PMD2408006 | J15: Sales Electric Staff Soekarno Hatta | K15: 45533 | L15: Islam | M15: 36568
A16: ST | B16: NO | C16: 4 | D16: PMD2412001 | E16: =((YEAR(TODAY())-YEAR(K16))*12+MONTH(TODAY())-MONTH(K16))/12 -> 1.5 | F16: 7495077144 | G16: GHISAN AL AZHALI | H16: PMD2412001 | J16: Sales Electric Staff Soekarno Hatta | K16: 45628 | L16: Islam | M16: 33840
A17: ST | B17: NO | C17: 5 | D17: PMD2512005 | E17: =((YEAR(TODAY())-YEAR(K17))*12+MONTH(TODAY())-MONTH(K17))/12 -> 0.5 | F17: 1390637132 | G17: VIRSQI INDRA PERDANA | H17: PMD2512005 | J17: Sales Electric Staff Soekarno Hatta | K17: 46000 | L17: Islam | M17: 34636
A18: ST | B18: NO | C18: 6 | D18: PMD2512008 | E18: =((YEAR(TODAY())-YEAR(K18))*12+MONTH(TODAY())-MONTH(K18))/12 -> 0.5 | F18: 3741721129 | G18: RENALDI AGUSTIANA YUSUF | H18: PMD2512008 | J18: Sales Electric Staff Soekarno Hatta | K18: 46006 | L18: Islam | M18: 36032
A19: ST | B19: NO | C19: 1 | D19: PMD2012002 | E19: =((YEAR(TODAY())-YEAR(K19))*12+MONTH(TODAY())-MONTH(K19))/12 -> 5.5 | F19: 0631281850 | G19: ASTON VILLA | H19: PMD2012002 | I19: 46125 | J19: Sales Coordinator Pipe & Pump Division Soekarno Hatta | K19: 44172 | L19: Islam | M19: 31221 | N19: HOLD | P19: =VLOOKUP(#REF!,'[1]0524'!$B$3:$B$125,1,0) -> #REF!
A20: ST | B20: NO | C20: 2 | D20: PMD2402001 | E20: =((YEAR(TODAY())-YEAR(K20))*12+MONTH(TODAY())-MONTH(K20))/12 -> 2.3333333 | F20: 8103039361 | G20: AGUS GUNAWAN | H20: PMD2402001 | J20: Sales Pipe & Pump Staff Soekarno Hatta | K20: 45334 | L20: Islam | M20: 32768 | P20: =VLOOKUP(#REF!,'[1]0524'!$B$3:$B$125,1,0) -> #REF!
A21: ST | B21: NO | C21: 3 | D21: PMD2407002 | E21: =((YEAR(TODAY())-YEAR(K21))*12+MONTH(TODAY())-MONTH(K21))/12 -> 1.9166667 | F21: 1760287934 | G21: ANDRE SETIAWAN | H21: PMD2407002 | J21: Sales Pipe & Pump Staff Soekarno Hatta | K21: 45481 | L21: Islam | M21: 35959
A22: ST | B22: NO | C22: 4 | D22: PMD2502005 | E22: =((YEAR(TODAY())-YEAR(K22))*12+MONTH(TODAY())-MONTH(K22))/12 -> 1.3333333 | F22: 2801445111 | G22: ERLAN SOPIANA | H22: PMD2502005 | J22: Sales Pipe & Pump Staff Soekarno Hatta | K22: 45713 | L22: Islam | M22: 35233
A23: ST | B23: NO | C23: 5 | D23: PMD2506001 | E23: =((YEAR(TODAY())-YEAR(K23))*12+MONTH(TODAY())-MONTH(K23))/12 -> 1 | F23: 8106058160 | G23: HENDIKUS WARUWU | H23: PMD2506001 | I23: 46111 | J23: Sales Pipe & Pump Staff Soekarno Hatta | K23: 45838 | L23: Katolik | M23: 37450
A24: ST | B24: NO | C24: 6 | D24: PMD2107003 | E24: =((YEAR(TODAY())-YEAR(K24))*12+MONTH(TODAY())-MONTH(K24))/12 -> 4.9166667 | F24: 2830811802 | G24: YUS YUSUF ANGGA SETIABUDI | H24: PMD2107003 | J24: Sales Pipe & Pump Staff Soekarno Hatta | K24: 44403 | L24: Islam | M24: 32155
A25: ST | B25: NO | C25: 8 | D25: PMD2511002 | E25: =((YEAR(TODAY())-YEAR(K25))*12+MONTH(TODAY())-MONTH(K25))/12 -> 0.58333333 | F25: 2831900280 | G25: TEGOEH PRAMONO | H25: PMD2511002 | J25: Sales Pipe & Pump Staff Soekarno Hatta | K25: 45978 | L25: Islam | M25: 31614
A26: ST | B26: NO | C26: 9 | D26: PMD2511004 | E26: =((YEAR(TODAY())-YEAR(K26))*12+MONTH(TODAY())-MONTH(K26))/12 -> 0.58333333 | F26: 1392396947 | G26: LEO FERDIANSYAH | H26: PMD2511004 | J26: Sales Pipe & Pump Staff Soekarno Hatta | K26: 45979 | L26: Islam | M26: 31274
A27: ST | B27: NO | C27: 1 | D27: PMD2111013 | E27: =((YEAR(TODAY())-YEAR(K27))*12+MONTH(TODAY())-MONTH(K27))/12 -> 4.5833333 | F27: 2830825579 | G27: RAHMAT HIDAYAT | H27: PMD2111013 | J27: Sales Paint Staff Soekarno Hatta | K27: 44525 | L27: Islam | M27: 27249 | P27: =VLOOKUP(#REF!,'[1]0524'!$B$3:$B$125,1,0) -> #REF!
A28: ST | B28: NO | C28: 2 | D28: PMD2112004 | E28: =((YEAR(TODAY())-YEAR(K28))*12+MONTH(TODAY())-MONTH(K28))/12 -> 4.5 | F28: 1393317101 | G28: MOCH ARMANDO VEBBY | H28: PMD2112004 | J28: Sales Supervisor Paint Staff Soekarno Hatta | K28: 44533 | L28: Islam | M28: 32685 | P28: =VLOOKUP(#REF!,'[1]0524'!$B$3:$B$125,1,0) -> #REF!
A29: ST | B29: NO | C29: 3 | D29: PMD2201008 | E29: =((YEAR(TODAY())-YEAR(K29))*12+MONTH(TODAY())-MONTH(K29))/12 -> 4.4166667 | F29: 1760203960 | G29: ANDI KURNIAWAN | H29: PMD2201008 | J29: Sales Paint Staff Soekarno Hatta | K29: 44572 | L29: Islam | M29: 32726 | P29: =VLOOKUP(D27,'[1]0524'!$B$3:$B$125,1,0) -> PMD2111013
A30: ST | B30: NO | C30: 4 | D30: PMD2206002 | E30: =((YEAR(TODAY())-YEAR(K30))*12+MONTH(TODAY())-MONTH(K30))/12 -> 4 | F30: 4372932876 | G30: SATRIA PAMUNGKAS | H30: PMD2206002 | J30: Sales Coordinator Paint Division | K30: 44732 | L30: Islam | M30: 29884 | P30: =VLOOKUP(#REF!,'[1]0524'!$B$3:$B$125,1,0) -> #REF!
A31: ST | B31: NO | C31: 5 | D31: PMD2308002 | E31: =((YEAR(TODAY())-YEAR(K31))*12+MONTH(TODAY())-MONTH(K31))/12 -> 2.8333333 | F31: 2832258475 | G31: IKHWAN FIDDIN | H31: PMD2308002 | I31: 46136 | J31: Sales Paint Staff Soekarno Hatta | K31: 45139 | L31: Islam | M31: 33909 | N31: HOLD | P31: =VLOOKUP(D28,'[1]0524'!$B$3:$B$125,1,0) -> #N/A
A32: ST | B32: NO | C32: 6 | D32: PMD2602002 | E32: =((YEAR(TODAY())-YEAR(K32))*12+MONTH(TODAY())-MONTH(K32))/12 -> 0.33333333 | F32: 7405373343 | G32: WAHYU RANGGA PERMANA | H32: PMD2602002 | J32: Sales Paint Staff Soekarno Hatta | K32: 46057 | L32: Islam | M32: 32046
A33: ST | B33: NO | C33: 7 | D33: PMD2602010 | E33: =((YEAR(TODAY())-YEAR(K33))*12+MONTH(TODAY())-MONTH(K33))/12 -> 0.33333333 | F33: 5150095231 | G33: ANTONIUS | H33: PMD2602010 | J33: Sales Powertools Staff Soekarno Hatta | K33: 46073 | L33: Islam | M33: 31175
A34: ST | B34: NO | C34: 1 | D34: PMD2205006 | E34: =((YEAR(TODAY())-YEAR(K34))*12+MONTH(TODAY())-MONTH(K34))/12 -> 4.0833333 | F34: 8100893330 | G34: NUR ALI | H34: PMD2205006 | J34: Sales Coordinator Electric Soekarno Hatta | K34: 44706 | L34: Islam | M34: 35135 | P34: =VLOOKUP(#REF!,'[1]0524'!$B$3:$B$125,1,0) -> #REF!
A35: ST | B35: NO | C35: 1 | D35: PMB2506001 | E35: =((YEAR(TODAY())-YEAR(K35))*12+MONTH(TODAY())-MONTH(K35))/12 -> 1 | F35: 7380496873 | G35: RAMLI NASUTION | H35: PMB2506001 | I35: 46146 | J35: Sales ICI Coordinator Bogor | K35: 45817 | L35: Islam | M35: 30054 | N35: HOLD
A36: ST | B36: NO | C36: 2 | D36: PMB1909012 | E36: =((YEAR(TODAY())-YEAR(K36))*12+MONTH(TODAY())-MONTH(K36))/12 -> 6.75 | F36: 3370017751 | G36: LUCKY GEMA CHRISTYAN SYAH | H36: PMB1909012 | J36: Sales ICI Staff Bogor | K36: 43731 | L36: Islam | M36: 33253 | P36: =VLOOKUP(#REF!,'[1]0524'!$B$3:$B$125,1,0) -> #REF!
A37: ST | B37: NO | C37: 3 | D37: PMB2105004 | E37: =((YEAR(TODAY())-YEAR(K37))*12+MONTH(TODAY())-MONTH(K37))/12 -> 5.0833333 | F37: 8720710197 | G37: ZAENUDIN | H37: PMB2105004 | J37: Sales ICI Staff Bogor | K37: 44341 | L37: Islam | M37: 32708 | P37: =VLOOKUP(#REF!,'[1]0524'!$B$3:$B$125,1,0) -> #REF!
A38: ST | B38: NO | C38: 4 | D38: PMB2405006 | E38: =((YEAR(TODAY())-YEAR(K38))*12+MONTH(TODAY())-MONTH(K38))/12 -> 2.0833333 | F38: 0953412346 | G38: ASEP PERMANA NOOR | H38: PMB2405006 | J38: Sales ICI Staff Bogor | K38: 45426 | L38: Islam | M38: 31565
A39: ST | B39: NO | C39: 5 | D39: PMB2411002 | E39: =((YEAR(TODAY())-YEAR(K39))*12+MONTH(TODAY())-MONTH(K39))/12 -> 1.5833333 | F39: 1672882235 | G39: FAJAR NUGRAHA | H39: PMB2411002 | J39: Sales ICI Staff Bogor | K39: 45616 | L39: Islam | M39: 34033
A40: ST | B40: NO | C40: 6 | D40: PMD2509001 | E40: =((YEAR(TODAY())-YEAR(K40))*12+MONTH(TODAY())-MONTH(K40))/12 -> 0.75 | F40: 6820539786 | G40: ZAINAL HAKIKI | H40: PMD2509001 | J40: Sales ICI Supervisor Bogor | K40: 45901 | L40: Islam | M40: 34609
A41: ST | B41: NO | C41: 1 | D41: PMB2405002 | E41: =((YEAR(TODAY())-YEAR(K41))*12+MONTH(TODAY())-MONTH(K41))/12 -> 2.0833333 | F41: 0953571843 | G41: NANDA AMELIA | H41: PMB2405002 | J41: Sales Pipe & Pump & Electric Supervisor Bogor | K41: 45414 | L41: Islam | M41: 35387
A42: ST | B42: NO | C42: 2 | D42: PMB2009005 | E42: =((YEAR(TODAY())-YEAR(K42))*12+MONTH(TODAY())-MONTH(K42))/12 -> 5.75 | F42: 5735335861 | G42: MUHAMAD HASAN | H42: PMB2009005 | J42: Sales Electric Staff Bogor | K42: 44099 | L42: Islam | M42: 30179 | P42: =VLOOKUP(#REF!,'[1]0524'!$B$3:$B$125,1,0) -> #REF!
A43: ST | B43: NO | C43: 3 | D43: PMB2112002 | E43: =((YEAR(TODAY())-YEAR(K43))*12+MONTH(TODAY())-MONTH(K43))/12 -> 4.5 | F43: 5015250876 | G43: RYAN NOVI HANDOKO | H43: PMB2112002 | J43: Sales Electric Staff Bogor | K43: 44531 | L43: Islam | M43: 33197 | P43: =VLOOKUP(#REF!,'[1]0524'!$B$3:$B$125,1,0) -> #REF!
A44: ST | B44: NO | C44: 4 | D44: PMB2211002 | E44: =((YEAR(TODAY())-YEAR(K44))*12+MONTH(TODAY())-MONTH(K44))/12 -> 3.5833333 | F44: 0380581647 | G44: ENDRIYANTO | H44: PMB2211002 | J44: Coordinator Sales Electric Bogor | K44: 44875 | L44: Islam | M44: 29884 | P44: =VLOOKUP(D41,'[1]0524'!$B$3:$B$125,1,0) -> #N/A
A45: ST | B45: NO | C45: 5 | D45: PMB2405003 | E45: =((YEAR(TODAY())-YEAR(K45))*12+MONTH(TODAY())-MONTH(K45))/12 -> 2.0833333 | F45: 3720066482 | G45: SYAHRI RIZKI | H45: PMB2405003 | J45: Sales Electric Staff Bogor | K45: 45414 | L45: Islam | M45: 34399 | P45: =VLOOKUP(D42,'[1]0524'!$B$3:$B$125,1,0) -> PMB2009005
A46: ST | B46: NO | C46: 6 | D46: PMB2212002 | E46: =((YEAR(TODAY())-YEAR(K46))*12+MONTH(TODAY())-MONTH(K46))/12 -> 3.5 | F46: 7402130230 | G46: WAHYU WIDIANA | H46: PMB2212002 | J46: Sales Electric Staff Bogor | K46: 44903 | L46: Islam | M46: 35619 | P46: =VLOOKUP(D43,'[1]0524'!$B$3:$B$125,1,0) -> PMB2112002
A47: ST | B47: NO | C47: 7 | D47: PMD2602008 | E47: =((YEAR(TODAY())-YEAR(K47))*12+MONTH(TODAY())-MONTH(K47))/12 -> 0.33333333 | F47: 8330055473 | G47: KRISNA ADI NUGRAHA | H47: PMD2602008 | J47: Sales Electric Staff Bogor | K47: 46066 | L47: Islam | M47: 29874
A48: ST | B48: NO | C48: 1 | D48: PMB2207003 | E48: =((YEAR(TODAY())-YEAR(K48))*12+MONTH(TODAY())-MONTH(K48))/12 -> 4 | F48: 1742087799 | G48: RIAN RUDIAN | H48: PMB2207003 | J48: Sales Pipe & Pump Staff Bogor | K48: 44739 | L48: Islam | M48: 32189 | P48: =VLOOKUP(#REF!,'[1]0524'!$B$3:$B$125,1,0) -> #REF!
A49: ST | B49: NO | C49: 2 | D49: PMB2302004 | E49: =((YEAR(TODAY())-YEAR(K49))*12+MONTH(TODAY())-MONTH(K49))/12 -> 3.3333333 | F49: 7120059186 | G49: AHMAD DAUD ABDULLAH | H49: PMB2302004 | J49: Sales Pipe & Pump Staff Bogor | K49: 44979 | L49: Islam | M49: 34936 | P49: =VLOOKUP(#REF!,'[1]0524'!$B$3:$B$125,1,0) -> #REF!
A50: ST | B50: NO | C50: 3 | D50: PMB2307003 | E50: =((YEAR(TODAY())-YEAR(K50))*12+MONTH(TODAY())-MONTH(K50))/12 -> 2.9166667 | F50: 8410839165 | G50: IDA SUGIARTI | H50: PMB2307003 | J50: Coordinator Sales Pipe & Pump Bogor | K50: 45124 | L50: Islam | M50: 31212 | P50: =VLOOKUP(#REF!,'[1]0524'!$B$3:$B$125,1,0) -> #REF!
A51: ST | B51: NO | C51: 4 | D51: PMB2212001 | E51: =((YEAR(TODAY())-YEAR(K51))*12+MONTH(TODAY())-MONTH(K51))/12 -> 3.5 | F51: 0630100844 | G51: GATI KUSMANTO | H51: PMB2212001 | J51: Sales Pipe & Pump Staff Bogor | K51: 44902 | L51: Islam | M51: 29785 | P51: =VLOOKUP(D49,'[1]0524'!$B$3:$B$125,1,0) -> #N/A
A52: ST | B52: NO | C52: 5 | D52: PMD2508009 | E52: =((YEAR(TODAY())-YEAR(K52))*12+MONTH(TODAY())-MONTH(K52))/12 -> 0.83333333 | F52: 8720170974 | G52: ABDUL AGUS | H52: PMD2508009 | J52: Sales Pipe & Pump Staff Bogor | K52: 45894 | L52: Islam | M52: 32737
A53: ST | B53: NO | C53: 6 | D53: PMD2602007 | E53: =((YEAR(TODAY())-YEAR(K53))*12+MONTH(TODAY())-MONTH(K53))/12 -> 0.33333333 | F53: 7080350729 | G53: HENRI HERMAWAN SAPUTRO | H53: PMD2602007 | J53: Sales Pipe & Pump Staff Bogor | K53: 46065 | L53: Islam | M53: 27845
A54: ST | B54: NO | C54: 1 | D54: PMB2110006 | E54: =((YEAR(TODAY())-YEAR(K54))*12+MONTH(TODAY())-MONTH(K54))/12 -> 4.6666667 | F54: 8691144780 | G54: LILI MURTADO | H54: PMB2110006 | J54: Sales Pipamas Staff Bogor | K54: 44496 | L54: Islam | M54: 33029 | P54: =VLOOKUP(#REF!,'[1]0524'!$B$3:$B$125,1,0) -> #REF!
A55: ST | B55: NO | C55: 2 | D55: PMB2212003 | E55: =((YEAR(TODAY())-YEAR(K55))*12+MONTH(TODAY())-MONTH(K55))/12 -> 3.5 | F55: 5470418682 | G55: FEBIANSYAH | H55: PMB2212003 | I55: 46146 | J55: Sales Pipamas Staff Bogor | K55: 44903 | L55: Islam | M55: 32542 | N55: HOLD | P55: =VLOOKUP(#REF!,'[1]0524'!$B$3:$B$125,1,0) -> #REF!
A56: ST | B56: NO | C56: 3 | D56: PMD2510002 | E56: =((YEAR(TODAY())-YEAR(K56))*12+MONTH(TODAY())-MONTH(K56))/12 -> 0.66666667 | F56: 0953302303 | G56: ARTANTO | H56: PMD2510002 | J56: Sales Pipamas Staff Bogor | K56: 45944 | L56: Islam | M56: 32663
A57: ST | B57: NO | C57: 4 | D57: PMD2512012 | E57: =((YEAR(TODAY())-YEAR(K57))*12+MONTH(TODAY())-MONTH(K57))/12 -> 0.5 | F57: 4270520851 | G57: MULYADI | H57: PMD2512012 | I57: 46136 | J57: Sales Pipamas Staff Bogor | K57: 46021 | L57: Islam | M57: 31105 | N57: HOLD
A58: ST | B58: NO | C58: 1 | D58: PMK1809003 | E58: =((YEAR(TODAY())-YEAR(K58))*12+MONTH(TODAY())-MONTH(K58))/12 -> 7.75 | F58: 5770551341 | G58: BONAR JUMADA | H58: PMK1809003 | J58: Sales Paint Staff Karawang | K58: 43349 | L58: Kristen | M58: 31517 | P58: =VLOOKUP(#REF!,'[1]0524'!$B$3:$B$125,1,0) -> #REF!
A59: ST | B59: NO | C59: 2 | D59: PMK2011003 | E59: =((YEAR(TODAY())-YEAR(K59))*12+MONTH(TODAY())-MONTH(K59))/12 -> 5.5833333 | F59: 3780397925 | G59: UJANG SULAEMAN | H59: PMK2011003 | J59: Sales Paint Staff Karawang | K59: 44137 | L59: Islam | M59: 31589 | P59: =VLOOKUP(#REF!,'[1]0524'!$B$3:$B$125,1,0) -> #REF!
A60: ST | B60: NO | C60: 3 | D60: PMK2112008 | E60: =((YEAR(TODAY())-YEAR(K60))*12+MONTH(TODAY())-MONTH(K60))/12 -> 4.5 | F60: 1092167482 | G60: ASEP ANANG RUSMANA | H60: PMK2112008 | I60: 46113 | J60: Sales Pipe & Pump Staff Karawang | K60: 44538 | L60: Islam | M60: 31664 | P60: =VLOOKUP(#REF!,'[1]0524'!$B$3:$B$125,1,0) -> #REF!
A61: ST | B61: NO | C61: 4 | D61: PMK2306002 | E61: =((YEAR(TODAY())-YEAR(K61))*12+MONTH(TODAY())-MONTH(K61))/12 -> 3 | F61: 0662788285 | G61: AFIF MUSTAFA | H61: PMK2306002 | J61: Sales Pipamas Staff Karawang | K61: 45104 | L61: Islam | M61: 30888 | P61: =VLOOKUP(#REF!,'[1]0524'!$B$3:$B$125,1,0) -> #REF!
A62: ST | B62: NO | C62: 5 | D62: PMK2412001 | E62: =((YEAR(TODAY())-YEAR(K62))*12+MONTH(TODAY())-MONTH(K62))/12 -> 1.5 | F62: 0087042531 | G62: KIKI HADISURYA | H62: PMK2412001 | J62: Sales Electric Staff Karawang | K62: 45649 | L62: Kristen | M62: 33135
A63: ST | B63: NO | C63: 6 | D63: PMD2508008 | E63: =((YEAR(TODAY())-YEAR(K63))*12+MONTH(TODAY())-MONTH(K63))/12 -> 0.83333333 | F63: 5745718288 | G63: AHMAD SANUSI | H63: PMD2508008 | I63: 46150 | J63: Sales Paint Staff Karawang | K63: 45894 | L63: Islam | M63: 32300
A64: ST | B64: NO | C64: 1 | D64: PMC2204005 | E64: =((YEAR(TODAY())-YEAR(K64))*12+MONTH(TODAY())-MONTH(K64))/12 -> 4.1666667 | F64: 8180379941 | G64: ISMANTO | H64: PMC2204005 | J64: Sales Electric, Pipamas, Pipe & Pump Supervisor Cirebon | K64: 44669 | L64: Islam | M64: 28678
A65: ST | B65: NO | C65: 2 | D65: PMC2112006 | E65: =((YEAR(TODAY())-YEAR(K65))*12+MONTH(TODAY())-MONTH(K65))/12 -> 4.5 | F65: 8180224085 | G65: FANJI BERLIANDY AZHARI RIDZKI | H65: PMC2112006 | J65: Sales Electric Staff Cirebon | K65: 44536 | L65: Islam | M65: 35737 | P65: =VLOOKUP(#REF!,'[1]0524'!$B$3:$B$125,1,0) -> #REF!
A66: ST | B66: NO | C66: 3 | D66: PMC2203003 | E66: =((YEAR(TODAY())-YEAR(K66))*12+MONTH(TODAY())-MONTH(K66))/12 -> 4.25 | F66: 8180374729 | G66: MOCH APIP | H66: PMC2203003 | J66: Coordinator Sales Electric Cirebon | K66: 44645 | L66: Islam | M66: 33527 | P66: =VLOOKUP(#REF!,'[1]0524'!$B$3:$B$125,1,0) -> #REF!
A67: ST | B67: NO | C67: 4 | D67: PMC2301001 | E67: =((YEAR(TODAY())-YEAR(K67))*12+MONTH(TODAY())-MONTH(K67))/12 -> 3.4166667 | F67: 1342293292 | G67: NURFADILAH | H67: PMC2301001 | J67: Sales Electric Staff Cirebon | K67: 44951 | L67: Islam | M67: 34993 | P67: =VLOOKUP(#REF!,'[1]0524'!$B$3:$B$125,1,0) -> #REF!
A68: ST | B68: NO | C68: 5 | D68: PMC2407004 | E68: =((YEAR(TODAY())-YEAR(K68))*12+MONTH(TODAY())-MONTH(K68))/12 -> 1.9166667 | F68: 8180505475 | G68: FIDYAH FAROID | H68: PMC2407004 | J68: Sales Electric Staff Cirebon | K68: 45502 | L68: Islam | M68: 36048
A69: ST | B69: NO | C69: 6 | D69: PMC2412003 | E69: =((YEAR(TODAY())-YEAR(K69))*12+MONTH(TODAY())-MONTH(K69))/12 -> 1.5 | F69: 2991983084 | G69: IPAN WIGUNA | H69: PMC2412003 | J69: Sales Electric Staff Cirebon | K69: 45643 | L69: Islam | M69: 35318
A70: ST | B70: NO | C70: 7 | D70: PMC2502002 | E70: =((YEAR(TODAY())-YEAR(K70))*12+MONTH(TODAY())-MONTH(K70))/12 -> 1.3333333 | F70: 1342833637 | G70: EKO YOGA PRAWIRA | H70: PMC2502002 | J70: Sales Electric Staff Cirebon | K70: 45708 | L70: Islam | M70: 33310
A71: ST | B71: NO | C71: 1 | D71: PMC2007006 | E71: =((YEAR(TODAY())-YEAR(K71))*12+MONTH(TODAY())-MONTH(K71))/12 -> 5.9166667 | F71: 4380053131 | G71: RASTHA KAWISTARA | H71: PMC2007006 | J71: Coordinator Sales Pipamas Cirebon | K71: 44034 | L71: Islam | M71: 32802 | P71: =VLOOKUP(#REF!,'[1]0524'!$B$3:$B$125,1,0) -> #REF!
A72: ST | B72: NO | C72: 2 | D72: PMC2506002 | E72: =((YEAR(TODAY())-YEAR(K72))*12+MONTH(TODAY())-MONTH(K72))/12 -> 1 | F72: 1342304294 | G72: HERNADO | H72: PMC2506002 | J72: Sales Pipamas Staff Cirebon | K72: 45824 | L72: Islam | M72: 34617
A73: ST | B73: NO | C73: 3 | D73: PMC2507001 | E73: =((YEAR(TODAY())-YEAR(K73))*12+MONTH(TODAY())-MONTH(K73))/12 -> 0.91666667 | F73: 8180252151 | G73: BUDI HANDOKO | H73: PMC2507001 | J73: Sales Pipamas Staff Cirebon | K73: 45841 | L73: Islam | M73: 27769
A74: ST | B74: NO | C74: 4 | D74: PMC2508001 | E74: =((YEAR(TODAY())-YEAR(K74))*12+MONTH(TODAY())-MONTH(K74))/12 -> 0.83333333 | F74: 8180322745 | G74: MOCHAMAD TRIANA | H74: PMC2508001 | J74: Sales Pipamas Staff Cirebon | K74: 45873 | L74: Islam | M74: 31112
A75: ST | B75: NO | C75: 1 | D75: PMC2209001 | E75: =((YEAR(TODAY())-YEAR(K75))*12+MONTH(TODAY())-MONTH(K75))/12 -> 3.75 | F75: 3740904263 | G75: ALDY SULISTIO | H75: PMC2209001 | J75: Coordinator Sales Pipe & Pump Cirebon | K75: 44816 | L75: Islam | M75: 35010 | P75: =VLOOKUP(#REF!,'[1]0524'!$B$3:$B$125,1,0) -> #REF!
A76: ST | B76: NO | C76: 2 | D76: PMC2405001 | E76: =((YEAR(TODAY())-YEAR(K76))*12+MONTH(TODAY())-MONTH(K76))/12 -> 2.0833333 | F76: 3741559241 | G76: ABDUROKHIM | H76: PMC2405001 | J76: Sales Pipe & Pump Staff Cirebon | K76: 45418 | L76: Islam | M76: 31779 | P76: =VLOOKUP(#REF!,'[1]0524'!$B$3:$B$125,1,0) -> #REF!
A77: ST | B77: NO | C77: 3 | D77: PMC2407003 | E77: =((YEAR(TODAY())-YEAR(K77))*12+MONTH(TODAY())-MONTH(K77))/12 -> 1.9166667 | F77: 1341470272 | G77: RAHMAN ADI KUSUMA | H77: PMC2407003 | J77: Sales Pipe & Pump Staff Cirebon | K77: 45502 | L77: Islam | M77: 34415
A78: ST | B78: NO | C78: 4 | D78: PMC2408001 | E78: =((YEAR(TODAY())-YEAR(K78))*12+MONTH(TODAY())-MONTH(K78))/12 -> 1.8333333 | F78: 1342870354 | G78: DENI JUNAENI ADRIYADI | H78: PMC2408001 | J78: Sales Pipe & Pump Staff Cirebon | K78: 45509 | L78: Islam | M78: 30540
A79: ST | B79: NO | C79: 5 | D79: PMC2306001 | E79: =((YEAR(TODAY())-YEAR(K79))*12+MONTH(TODAY())-MONTH(K79))/12 -> 3 | F79: 1341798898 | G79: IMAM SANTOSO | H79: PMC2306001 | J79: Sales Pipe & Pump Staff Cirebon | K79: 45079 | L79: Islam | M79: 34634 | P79: =VLOOKUP(D75,'[1]0524'!$B$3:$B$125,1,0) -> PMC2209001
A80: ST | B80: NO | C80: 6 | D80: PMC2405002 | E80: =((YEAR(TODAY())-YEAR(K80))*12+MONTH(TODAY())-MONTH(K80))/12 -> 2.0833333 | F80: 3741569866 | G80: ROHMANUDIN | H80: PMC2405002 | J80: Sales Pipe & Pump Staff Cirebon | K80: 45419 | L80: Islam | M80: 30963 | P80: =VLOOKUP(#REF!,'[1]0524'!$B$3:$B$125,1,0) -> #REF!
A81: ST | B81: NO | C81: 7 | D81: PMC2204004 | E81: =((YEAR(TODAY())-YEAR(K81))*12+MONTH(TODAY())-MONTH(K81))/12 -> 4.1666667 | F81: 8180355414 | G81: WILLYANTO | H81: PMC2204004 | J81: Sales Pipe & Pump Staff Cirebon | K81: 44655 | L81: Islam | M81: 35632 | P81: =VLOOKUP(D77,'[1]0524'!$B$3:$B$125,1,0) -> #N/A
A82: ST | B82: NO | C82: 1 | D82: PMT2209001 | E82: =((YEAR(TODAY())-YEAR(K82))*12+MONTH(TODAY())-MONTH(K82))/12 -> 3.75 | F82: 0541950825 | G82: AR AR SATIA RAHMAT | H82: PMT2209001 | J82: Sales Pipamas Coordinator Tasikmalaya | K82: 44816 | L82: Islam | M82: 30884 | P82: =VLOOKUP(#REF!,'[1]0524'!$B$3:$B$125,1,0) -> #REF!
A83: ST | B83: NO | C83: 2 | D83: PMT2209002 | E83: =((YEAR(TODAY())-YEAR(K83))*12+MONTH(TODAY())-MONTH(K83))/12 -> 3.6666667 | F83: 2030529947 | G83: DUDI SIDIK PERMANA | H83: PMT2209002 | J83: Sales Pipamas Staff Tasikmalaya | K83: 44835 | L83: Islam | M83: 34715 | P83: =VLOOKUP(#REF!,'[1]0524'!$B$3:$B$125,1,0) -> #REF!
A84: ST | B84: NO | C84: 3 | D84: PMT2505001 | E84: =((YEAR(TODAY())-YEAR(K84))*12+MONTH(TODAY())-MONTH(K84))/12 -> 1.0833333 | F84: 2080770807 | G84: ERI APRILIAN RUSLIANA | H84: PMT2505001 | I84: 46083 | J84: Sales Pipamas Staff Tasikmalaya | K84: 45803 | L84: Islam | M84: 34084 | N84: HOLD
A85: ST | B85: NO | C85: 4 | D85: PMD2602006 | E85: =((YEAR(TODAY())-YEAR(K85))*12+MONTH(TODAY())-MONTH(K85))/12 -> 0.33333333 | F85: 6880400809 | G85: JAKA PURNAMA | H85: PMD2602006 | J85: Sales Pipamas Staff Tasikmalaya | K85: 46064 | L85: Islam | M85: 36061
A86: ST | B86: NO | C86: 5 | D86: PMD2602009 | E86: =((YEAR(TODAY())-YEAR(K86))*12+MONTH(TODAY())-MONTH(K86))/12 -> 0.33333333 | F86: 2090803967 | G86: RD. SANNY SOEDJONO, SE | H86: PMD2602009 | J86: Sales Pipamas Staff Tasikmalaya | K86: 46069 | L86: Islam | M86: 30938
A87: ST | B87: NO | C87: 1 | D87: PMT1910005 | E87: =((YEAR(TODAY())-YEAR(K87))*12+MONTH(TODAY())-MONTH(K87))/12 -> 6.6666667 | F87: 0540741735 | G87: RIKZA MAULANA | H87: PMT1910005 | J87: Sales Coordinator Electric Division Tasikmalaya | K87: 43740 | L87: Islam | M87: 30524
A88: ST | B88: NO | C88: 2 | D88: PMT2206001 | E88: =((YEAR(TODAY())-YEAR(K88))*12+MONTH(TODAY())-MONTH(K88))/12 -> 4 | F88: 3210914411 | G88: DHIA UL IMAN | H88: PMT2206001 | J88: Sales Electric Staff Tasikmalaya | K88: 44734 | L88: Islam | M88: 33922 | P88: =VLOOKUP(#REF!,'[1]0524'!$B$3:$B$125,1,0) -> #REF!
A89: ST | B89: NO | C89: 3 | D89: PMT2406003 | E89: =((YEAR(TODAY())-YEAR(K89))*12+MONTH(TODAY())-MONTH(K89))/12 -> 2 | F89: 3211177428 | G89: FIRMANSYAH | H89: PMT2406003 | J89: Sales Electric Staff Tasikmalaya | K89: 45468 | L89: Islam | M89: 32215
A90: ST | B90: NO | C90: 4 | D90: PMT2409001 | E90: =((YEAR(TODAY())-YEAR(K90))*12+MONTH(TODAY())-MONTH(K90))/12 -> 1.75 | F90: 541384501 | G90: VEBY RIZKY FAUZI | H90: PMT2409001 | J90: Sales Electric Staff Tasikmalaya | K90: 45558 | L90: Islam | M90: 33716
A91: ST | B91: NO | C91: 5 | D91: PMT2501001 | E91: =((YEAR(TODAY())-YEAR(K91))*12+MONTH(TODAY())-MONTH(K91))/12 -> 1.4166667 | F91: 3210680810 | G91: JEJEN AL KOHIRI | H91: PMT2501001 | J91: Sales Electric Staff Tasikmalaya | K91: 45679 | L91: Islam | M91: 34061
A92: ST | B92: NO | C92: 6 | D92: PMT2506001 | E92: =((YEAR(TODAY())-YEAR(K92))*12+MONTH(TODAY())-MONTH(K92))/12 -> 1 | F92: 3211265807 | G92: DIAN HAERANDI | H92: PMT2506001 | J92: Sales Electric Staff Tasikmalaya | K92: 45820 | L92: Islam | M92: 32711
A93: ST | B93: NO | C93: 1 | D93: PMT1907023 | E93: =((YEAR(TODAY())-YEAR(K93))*12+MONTH(TODAY())-MONTH(K93))/12 -> 6.9166667 | F93: 0540714282 | G93: ASEP MAMAT HARISUDIN | H93: PMT1907023 | J93: Coordinator Sales Pipe & Pump Tasikmalaya | K93: 43675 | L93: Islam | M93: 29170 | P93: =VLOOKUP(D92,'[1]0524'!$B$3:$B$125,1,0) -> #N/A
A94: ST | B94: NO | C94: 2 | D94: PMT2506003 | E94: =((YEAR(TODAY())-YEAR(K94))*12+MONTH(TODAY())-MONTH(K94))/12 -> 1 | F94: 0542132653 | G94: ASEP RACHMAT SAPAAT | H94: PMT2506003 | J94: Sales Pipe & Pump Staff Tasikmalaya | K94: 45824 | L94: Islam | M94: 31302
A95: ST | B95: NO | C95: 3 | D95: PMT2212001 | E95: =((YEAR(TODAY())-YEAR(K95))*12+MONTH(TODAY())-MONTH(K95))/12 -> 3.5 | F95: 0542022157 | G95: ADITYA APTA TRIPURNA | H95: PMT2212001 | I95: 46128 | J95: Sales Pipe & Pump Staff Tasikmalaya | K95: 44907 | L95: Islam | M95: 32478 | P95: =VLOOKUP(#REF!,'[1]0524'!$B$3:$B$125,1,0) -> #REF!
A96: ST | B96: NO | C96: 4 | D96: PMD2510001 | E96: =((YEAR(TODAY())-YEAR(K96))*12+MONTH(TODAY())-MONTH(K96))/12 -> 0.66666667 | F96: 1381618345 | G96: ANGGA DWITAMA | H96: PMD2510001 | I96: 46118 | J96: Sales Pipe & Pump Staff Tasikmalaya | K96: 45936 | L96: Islam | M96: 33531
A97: ST | B97: NO | C97: 5 | D97: PMD2512010 | E97: =((YEAR(TODAY())-YEAR(K97))*12+MONTH(TODAY())-MONTH(K97))/12 -> 0.5 | F97: 6235063992 | G97: EDI ROSADI | H97: PMD2512010 | J97: Sales Pipe & Pump Staff Tasikmalaya | K97: 46015 | L97: Islam | M97: 31672
A98: ST | B98: NO | C98: 6 | D98: PMD2512002 | E98: =((YEAR(TODAY())-YEAR(K98))*12+MONTH(TODAY())-MONTH(K98))/12 -> 0.5 | F98: 1381641738 | G98: IRFAN SETIAWAN | H98: PMD2512002 | J98: Sales Pipe & Pump Staff Tasikmalaya | K98: 45996 | L98: Islam | M98: 33006
A99: ST | B99: NO | C99: 1 | D99: PMT1910006 | E99: =((YEAR(TODAY())-YEAR(K99))*12+MONTH(TODAY())-MONTH(K99))/12 -> 6.6666667 | F99: 2090538252 | G99: ADE HENDRA | H99: PMT1910006 | J99: Sales ICI Coordinator Tasikmalaya | K99: 43740 | L99: Islam | M99: 32176
A100: ST | B100: NO | C100: 2 | D100: PMT2208001 | E100: =((YEAR(TODAY())-YEAR(K100))*12+MONTH(TODAY())-MONTH(K100))/12 -> 3.8333333 | F100: 3210939872 | G100: SEPTIAN HERMANSYAH | H100: PMT2208001 | J100: Sales ICI Staff Tasikmalaya | K100: 44781 | L100: Islam | M100: 36832 | P100: =VLOOKUP(D95,'[1]0524'!$B$3:$B$125,1,0) -> PMT2212001
...

Sheet Karyawan Resign
A1: Karyawan Sudah Resign
A2: ST | B2: NO | C2: 1 | D2: PMD2201006 | H2: =((YEAR(TODAY())-YEAR(M2))*12+MONTH(TODAY())-MONTH(M2))/12 -> 4.4166667 | I2: 1393356867 | J2: Dadan Hardiansah Putra | K2: 46055 | L2: Sales Paint Staff Soekarno Hatta | M2: 44572 | N2: Islam | O2: 29884
A3: ST | B3: NO | C3: 2 | D3: PMB2411001 | H3: =((YEAR(TODAY())-YEAR(M3))*12+MONTH(TODAY())-MONTH(M3))/12 -> 1.5833333 | I3: 0954790581 | J3: Antonio Rifaldo | K3: 46058 | L3: Sales Pipe & Pump Staff Bogor | M3: 45607 | N3: Islam | O3: 44683
A4: ST | B4: NO | C4: 3 | D4: PMT2010001 | H4: =((YEAR(TODAY())-YEAR(M4))*12+MONTH(TODAY())-MONTH(M4))/12 -> 5.6666667 | I4: 0541428037 | J4: Rudi Ruswandi | K4: 46055 | L4: Sales Pipamas Staff Tasikmalaya | M4: 44106 | N4: Islam | O4: 31104
A5: ST | B5: NO | C5: 4 | D5: PMD2601002 | H5: =((YEAR(TODAY())-YEAR(M5))*12+MONTH(TODAY())-MONTH(M5))/12 -> 0.41666667 | I5: 6610706418 | J5: Fitrah Ramadhan | K5: 46071 | L5: Sales ICI Staff Bogor | M5: 46051 | N5: Islam | O5: 35117

Sheet 20an
A1: PT. Pancamas Pipasakti - Periode 1 - 28 Februari 2026 (Salesman)
E3: S | F3: I / C | G3: A
A4: St | B4: FIX | C4: Nu | D4: NIK | F4: ABSEN | H4: Lama Kerja | I4: No AC | J4: Dept and Location | K4: Tgl Resign | L4: Posisi | M4: Tgl Masuk | N4: Agama | O4: Tgl Lahir | P4: Keterangan
J5: ALL Divisi Bandung
J6: Marketing Online
A7: ST | B7: NO | C7: 1 | D7: PMD2002003 | H7: =((YEAR(TODAY())-YEAR(M7))*12+MONTH(TODAY())-MONTH(M7))/12 -> 6.3333333 | I7: 2801307991 | J7: Fanny Aisiyah Zuliani | L7: Coordinator Marketing Online Departement Soekarno Hatta | M7: 43865 | N7: Islam | O7: 32350 | Q7: =VLOOKUP(J7,'[2]PT Pipamas Primasejati'!$G:$G,1,0) -> FANNY AISIYAH ZULIANI
A8: ST | B8: NO | C8: 2 | D8: PMD2408004 | H8: =((YEAR(TODAY())-YEAR(M8))*12+MONTH(TODAY())-MONTH(M8))/12 -> 1.8333333 | I8: 3790895125 | J8: Enok Rina Hasanah | L8: Marketing Online Departement Soekarno Hatta | M8: 45513 | N8: Islam | O8: 35872
A9: ST | B9: NO | C9: 3 | D9: PMD2502003 | H9: =((YEAR(TODAY())-YEAR(M9))*12+MONTH(TODAY())-MONTH(M9))/12 -> 1.3333333 | I9: 7753136314 | J9: Yuli Sartika | L9: Marketing Online Departement Soekarno Hatta | M9: 45705 | N9: Islam | O9: 35635
J11: Pipamas Bandung
J12: Sales Pipamas
A13: ST | B13: NO | C13: 1 | D13: PMD2207003 | H13: =((YEAR(TODAY())-YEAR(M13))*12+MONTH(TODAY())-MONTH(M13))/12 -> 2.8333333 | I13: 1560107931 | J13: Ricki Galih Ginanjar | L13: Coordinator Sales Pipamas Division | M13: 45169 | N13: Islam | O13: 32129 | R13: =VLOOKUP(D13,'[1]0524'!$B$3:$B$125,1,0) -> PMD2207003
A14: ST | B14: NO | C14: 2 | D14: PMD2109007 | H14: =((YEAR(TODAY())-YEAR(M14))*12+MONTH(TODAY())-MONTH(M14))/12 -> 4.75 | I14: 2831290783 | J14: Muhammad Riki Safari | L14: Sales Pipamas Staff Soekarno Hatta | M14: 44460 | N14: Islam | O14: 34894 | R14: =VLOOKUP(D14,'[1]0524'!$B$3:$B$125,1,0) -> PMD2109007
A15: ST | B15: NO | C15: 3 | D15: PMD2210008 | H15: =((YEAR(TODAY())-YEAR(M15))*12+MONTH(TODAY())-MONTH(M15))/12 -> 3.6666667 | I15: 0083879235 | J15: Bagus Gumilar | L15: Sales Pipamas Staff Soekarno Hatta | M15: 44858 | N15: Islam | O15: 34577 | R15: =VLOOKUP(D15,'[1]0524'!$B$3:$B$125,1,0) -> PMD2210008
A16: ST | B16: NO | C16: 4 | D16: PMD2503003 | H16: =((YEAR(TODAY())-YEAR(M16))*12+MONTH(TODAY())-MONTH(M16))/12 -> 1.25 | I16: 7750965185 | J16: Aditya Muhammad Ramdhan | L16: Sales Pipamas Staff Soekarno Hatta | M16: 45727 | N16: Islam | O16: 34391
A17: ST | B17: NO | C17: 5 | D17: PMD2503004 | H17: =((YEAR(TODAY())-YEAR(M17))*12+MONTH(TODAY())-MONTH(M17))/12 -> 1.25 | I17: 1560108695 | J17: Gugun Hanafi | L17: Sales Pipamas Staff Soekarno Hatta | M17: 45727 | N17: Islam | O17: 35744
A18: ST | B18: NO | C18: 6 | D18: PMD2505002 | H18: =((YEAR(TODAY())-YEAR(M18))*12+MONTH(TODAY())-MONTH(M18))/12 -> 1.0833333 | I18: 4310478577 | J18: Anre Ikhsan Rosyadi | K18: 46091 | L18: Sales Pipamas Staff Soekarno Hatta | M18: 45792 | N18: Islam | O18: 32585
A19: ST | B19: NO | C19: 7 | D19: PMD2508004 | H19: =((YEAR(TODAY())-YEAR(M19))*12+MONTH(TODAY())-MONTH(M19))/12 -> 0.83333333 | I19: 8320689768 | J19: Ikhsan Maulana Yusuf | L19: Sales Pipamas Staff Soekarno Hatta | M19: 45887 | N19: Islam | O19: 34699
A20: ST | B20: NO | C20: 8 | D20: PMD2508010 | H20: =((YEAR(TODAY())-YEAR(M20))*12+MONTH(TODAY())-MONTH(M20))/12 -> 0.83333333 | I20: 3790592777 | J20: Asep Sopiyan | L20: Sales Pipamas Staff Soekarno Hatta | M20: 45896 | N20: Islam | O20: 30738
A21: ST | B21: NO | C21: 9 | D21: PMD2509003 | H21: =((YEAR(TODAY())-YEAR(M21))*12+MONTH(TODAY())-MONTH(M21))/12 -> 0.75 | I21: 2800939910 | J21: Hari Wiharyana | L21: Sales Pipamas Staff Soekarno Hatta | M21: 45904 | N21: Islam | O21: 29291
A22: ST | B22: NO | C22: 10 | D22: PMD2512006 | H22: =((YEAR(TODAY())-YEAR(M22))*12+MONTH(TODAY())-MONTH(M22))/12 -> 0.5 | I22: 8090609018 | J22: Billy Sugiarto | L22: Coordinator Sales Pipamas Division | M22: 46000 | N22: Islam | O22: 33910
A23: ST | B23: NO | C23: 11 | D23: PMD2512003 | H23: =((YEAR(TODAY())-YEAR(M23))*12+MONTH(TODAY())-MONTH(M23))/12 -> 0.5 | I23: 4461503378 | J23: Rizal Zaelani | L23: Sales Pipamas Staff Soekarno Hatta | M23: 45996 | N23: Islam | O23: 33210
J25: Elektrik Bandung
J26: Sales Elektrik
A27: ST | B27: NO | C27: 1 | D27: PMD2201011 | H27: =((YEAR(TODAY())-YEAR(M27))*12+MONTH(TODAY())-MONTH(M27))/12 -> 4.4166667 | I27: 4371314568 | J27: Ridwan Fauzan Firdaus | L27: Sales Electric Staff Soekarno Hatta | M27: 44588 | N27: Islam | O27: 34627 | R27: =VLOOKUP(D52,'[1]0524'!$B$3:$B$125,1,0) -> PMD2308002
A28: ST | B28: NO | C28: 2 | D28: PMD2205003 | H28: =((YEAR(TODAY())-YEAR(M28))*12+MONTH(TODAY())-MONTH(M28))/12 -> 4.0833333 | I28: 2810384045 | J28: Hasudungan | L28: Sales Electric Staff Soekarno Hatta | M28: 44704 | N28: Islam | O28: 31148 | R28: =VLOOKUP(D25,'[1]0524'!$B$3:$B$125,1,0) -> 0
A29: ST | B29: NO | C29: 3 | D29: PMD2408006 | H29: =((YEAR(TODAY())-YEAR(M29))*12+MONTH(TODAY())-MONTH(M29))/12 -> 1.8333333 | I29: 7940315390 | J29: Syamsul Palah | L29: Sales Electric Staff Soekarno Hatta | M29: 45533 | N29: Islam | O29: 36568
A30: ST | B30: NO | C30: 4 | D30: PMD2412001 | H30: =((YEAR(TODAY())-YEAR(M30))*12+MONTH(TODAY())-MONTH(M30))/12 -> 1.5 | I30: 7495077144 | J30: Ghisan Al Azhali | L30: Sales Electric Staff Soekarno Hatta | M30: 45628 | N30: Islam | O30: 33840
A31: ST | B31: NO | C31: 5 | D31: PMD2512005 | H31: =((YEAR(TODAY())-YEAR(M31))*12+MONTH(TODAY())-MONTH(M31))/12 -> 0.5 | I31: 1390637132 | J31: Virsqi Indra Perdana | L31: Sales Electric Staff Soekarno Hatta | M31: 46000 | N31: Islam | O31: 34636
A32: ST | B32: NO | C32: 6 | D32: PMD2512008 | H32: =((YEAR(TODAY())-YEAR(M32))*12+MONTH(TODAY())-MONTH(M32))/12 -> 0.5 | I32: 3741721129 | J32: Renaldi Agustiana Yusuf | L32: Sales Electric Staff Soekarno Hatta | M32: 46006 | N32: Islam | O32: 36032
A33: ST | B33: NO | C33: 7 | D33: PMD2602004 | H33: =((YEAR(TODAY())-YEAR(M33))*12+MONTH(TODAY())-MONTH(M33))/12 -> 0.33333333 | I33: 0084433621 | J33: Okky Maulana Ekwanur | L33: Sales Electric Staff Soekarno Hatta | M33: 46058 | N33: Islam | O33: 32805
J35: Pipe & Pump Bandung
J36: Sales Pipe & Pump
A37: ST | B37: NO | C37: 1 | D37: PMD2012002 | H37: =((YEAR(TODAY())-YEAR(M37))*12+MONTH(TODAY())-MONTH(M37))/12 -> 5.5 | I37: 0631281850 | J37: Aston Villa | K37: 46125 | L37: Sales Coordinator Pipe & Pump Division Soekarno Hatta | M37: 44172 | N37: Islam | O37: 31221 | P37: HOLD | R37: =VLOOKUP(D35,'[1]0524'!$B$3:$B$125,1,0) -> 0
A38: ST | B38: NO | C38: 2 | D38: PMD2402001 | H38: =((YEAR(TODAY())-YEAR(M38))*12+MONTH(TODAY())-MONTH(M38))/12 -> 2.3333333 | I38: 8103039361 | J38: Agus Gunawan | L38: Sales Pipe & Pump Staff Soekarno Hatta | M38: 45334 | N38: Islam | O38: 32768 | R38: =VLOOKUP(D36,'[1]0524'!$B$3:$B$125,1,0) -> 0
A39: ST | B39: NO | C39: 3 | D39: PMD2407002 | H39: =((YEAR(TODAY())-YEAR(M39))*12+MONTH(TODAY())-MONTH(M39))/12 -> 1.9166667 | I39: 1760287934 | J39: Andre Setiawan | L39: Sales Pipe & Pump Staff Soekarno Hatta | M39: 45481 | N39: Islam | O39: 35959
A40: ST | B40: NO | C40: 4 | D40: PMD2502005 | H40: =((YEAR(TODAY())-YEAR(M40))*12+MONTH(TODAY())-MONTH(M40))/12 -> 1.3333333 | I40: 2801445111 | J40: Erlan Sopiana | L40: Sales Pipe & Pump Staff Soekarno Hatta | M40: 45713 | N40: Islam | O40: 35233
A41: ST | B41: NO | C41: 5 | D41: PMD2506001 | H41: =((YEAR(TODAY())-YEAR(M41))*12+MONTH(TODAY())-MONTH(M41))/12 -> 1 | I41: 8106058160 | J41: Hendikus Waruwu | K41: 46111 | L41: Sales Pipe & Pump Staff Soekarno Hatta | M41: 45838 | N41: Katolik | O41: 37450
A42: ST | B42: NO | C42: 6 | D42: PMD2107003 | H42: =((YEAR(TODAY())-YEAR(M42))*12+MONTH(TODAY())-MONTH(M42))/12 -> 4.9166667 | I42: 2830811802 | J42: Yus Yusuf Angga Setiabudi | L42: Sales Pipe & Pump Staff Soekarno Hatta | M42: 44403 | N42: Islam | O42: 32155
A43: ST | B43: NO | C43: 8 | D43: PMD2511002 | H43: =((YEAR(TODAY())-YEAR(M43))*12+MONTH(TODAY())-MONTH(M43))/12 -> 0.58333333 | I43: 2831900280 | J43: Tegoeh Pramono | L43: Sales Pipe & Pump Staff Soekarno Hatta | M43: 45978 | N43: Islam | O43: 31614
A44: ST | B44: NO | C44: 9 | D44: PMD2511004 | H44: =((YEAR(TODAY())-YEAR(M44))*12+MONTH(TODAY())-MONTH(M44))/12 -> 0.58333333 | I44: 1392396947 | J44: Leo Ferdiansyah | L44: Sales Pipe & Pump Staff Soekarno Hatta | M44: 45979 | N44: Islam | O44: 31274
J46: Ici Bandung
J47: Sales Ici
A48: ST | B48: NO | C48: 1 | D48: PMD2111013 | H48: =((YEAR(TODAY())-YEAR(M48))*12+MONTH(TODAY())-MONTH(M48))/12 -> 4.5833333 | I48: 2830825579 | J48: Rahmat Hidayat | L48: Sales Paint Staff Soekarno Hatta | M48: 44525 | N48: Islam | O48: 27249 | R48: =VLOOKUP(D45,'[1]0524'!$B$3:$B$125,1,0) -> 0
A49: ST | B49: NO | C49: 2 | D49: PMD2112004 | H49: =((YEAR(TODAY())-YEAR(M49))*12+MONTH(TODAY())-MONTH(M49))/12 -> 4.5 | I49: 1393317101 | J49: Moch Armando Vebby | L49: Sales Supervisor Paint Staff Soekarno Hatta | M49: 44533 | N49: Islam | O49: 32685 | R49: =VLOOKUP(D47,'[1]0524'!$B$3:$B$125,1,0) -> 0
A50: ST | B50: NO | C50: 3 | D50: PMD2201008 | H50: =((YEAR(TODAY())-YEAR(M50))*12+MONTH(TODAY())-MONTH(M50))/12 -> 4.4166667 | I50: 1760203960 | J50: Andi Kurniawan | L50: Sales Paint Staff Soekarno Hatta | M50: 44572 | N50: Islam | O50: 32726 | R50: =VLOOKUP(D48,'[1]0524'!$B$3:$B$125,1,0) -> PMD2111013
A51: ST | B51: NO | C51: 4 | D51: PMD2206002 | H51: =((YEAR(TODAY())-YEAR(M51))*12+MONTH(TODAY())-MONTH(M51))/12 -> 4 | I51: 4372932876 | J51: Satria Pamungkas | L51: Sales Coordinator Paint Division | M51: 44732 | N51: Islam | O51: 29884 | R51: =VLOOKUP(D169,'[1]0524'!$B$3:$B$125,1,0) -> PMD2201006
A52: ST | B52: NO | C52: 5 | D52: PMD2308002 | H52: =((YEAR(TODAY())-YEAR(M52))*12+MONTH(TODAY())-MONTH(M52))/12 -> 2.8333333 | I52: 2832258475 | J52: Ikhwan Fiddin | K52: 46136 | L52: Sales Paint Staff Soekarno Hatta | M52: 45139 | N52: Islam | O52: 33909 | P52: HOLD | R52: =VLOOKUP(D49,'[1]0524'!$B$3:$B$125,1,0) -> #N/A
A53: ST | B53: NO | C53: 6 | D53: PMD2602002 | H53: =((YEAR(TODAY())-YEAR(M53))*12+MONTH(TODAY())-MONTH(M53))/12 -> 0.33333333 | I53: 7405373343 | J53: Wahyu Rangga Permana | L53: Sales Paint Staff Soekarno Hatta | M53: 46057 | N53: Islam | O53: 32046
A54: ST | B54: NO | C54: 7 | D54: PMD2602010 | H54: =((YEAR(TODAY())-YEAR(M54))*12+MONTH(TODAY())-MONTH(M54))/12 -> 0.33333333 | I54: 5150095231 | J54: Antonius | L54: Sales Powertools Staff Soekarno Hatta | M54: 46073 | N54: Islam | O54: 31175
J56: Sales Modern Market
A57: ST | B57: NO | C57: 1 | D57: PMD2205006 | H57: =((YEAR(TODAY())-YEAR(M57))*12+MONTH(TODAY())-MONTH(M57))/12 -> 4.0833333 | I57: 8100893330 | J57: Nur Ali | L57: Sales Coordinator Electric Soekarno Hatta | M57: 44706 | N57: Islam | O57: 35135 | R57: =VLOOKUP(D55,'[1]0524'!$B$3:$B$125,1,0) -> 0
J59: All Divisi Bogor
J60: Ici Bogor
J61: Sales Ici Bogor
A62: ST | B62: NO | C62: 1 | D62: PMB2506001 | H62: =((YEAR(TODAY())-YEAR(M62))*12+MONTH(TODAY())-MONTH(M62))/12 -> 1 | I62: 7380496873 | J62: Ramli Nasution | K62: 46146 | L62: Sales ICI Coordinator Bogor | M62: 45817 | N62: Islam | O62: 30054 | P62: HOLD
A63: ST | B63: NO | C63: 2 | D63: PMB1909012 | H63: =((YEAR(TODAY())-YEAR(M63))*12+MONTH(TODAY())-MONTH(M63))/12 -> 6.75 | I63: 3370017751 | J63: Lucky Gema Christyan Syah | L63: Sales ICI Staff Bogor | M63: 43731 | N63: Islam | O63: 33253 | R63: =VLOOKUP(D60,'[1]0524'!$B$3:$B$125,1,0) -> 0
A64: ST | B64: NO | C64: 3 | D64: PMB2105004 | H64: =((YEAR(TODAY())-YEAR(M64))*12+MONTH(TODAY())-MONTH(M64))/12 -> 5.0833333 | I64: 8720710197 | J64: Zaenudin | L64: Sales ICI Staff Bogor | M64: 44341 | N64: Islam | O64: 32708 | R64: =VLOOKUP(D61,'[1]0524'!$B$3:$B$125,1,0) -> 0
A65: ST | B65: NO | C65: 4 | D65: PMB2405006 | H65: =((YEAR(TODAY())-YEAR(M65))*12+MONTH(TODAY())-MONTH(M65))/12 -> 2.0833333 | I65: 0953412346 | J65: Asep Permana Noor | L65: Sales ICI Staff Bogor | M65: 45426 | N65: Islam | O65: 31565
A66: ST | B66: NO | C66: 5 | D66: PMB2411002 | H66: =((YEAR(TODAY())-YEAR(M66))*12+MONTH(TODAY())-MONTH(M66))/12 -> 1.5833333 | I66: 1672882235 | J66: Fajar Nugraha | L66: Sales ICI Staff Bogor | M66: 45616 | N66: Islam | O66: 34033
A67: ST | B67: NO | C67: 6 | D67: PMD2509001 | H67: =((YEAR(TODAY())-YEAR(M67))*12+MONTH(TODAY())-MONTH(M67))/12 -> 0.75 | I67: 6820539786 | J67: Zainal Hakiki | L67: Sales ICI Supervisor Bogor | M67: 45901 | N67: Islam | O67: 34609
J69: Elektrik Bogor
J70: Sales Elektrik Bogor
A71: ST | B71: NO | C71: 1 | D71: PMB2405002 | H71: =((YEAR(TODAY())-YEAR(M71))*12+MONTH(TODAY())-MONTH(M71))/12 -> 2.0833333 | I71: 0953571843 | J71: Nanda Amelia | L71: Sales Pipe & Pump & Electric Supervisor Bogor | M71: 45414 | N71: Islam | O71: 35387
A72: ST | B72: NO | C72: 2 | D72: PMB2009005 | H72: =((YEAR(TODAY())-YEAR(M72))*12+MONTH(TODAY())-MONTH(M72))/12 -> 5.75 | I72: 5735335861 | J72: Muhamad Hasan | L72: Sales Electric Staff Bogor | M72: 44099 | N72: Islam | O72: 30179 | R72: =VLOOKUP(D69,'[1]0524'!$B$3:$B$125,1,0) -> 0
A73: ST | B73: NO | C73: 3 | D73: PMB2112002 | H73: =((YEAR(TODAY())-YEAR(M73))*12+MONTH(TODAY())-MONTH(M73))/12 -> 4.5 | I73: 5015250876 | J73: Ryan Novi Handoko | L73: Sales Electric Staff Bogor | M73: 44531 | N73: Islam | O73: 33197 | R73: =VLOOKUP(D70,'[1]0524'!$B$3:$B$125,1,0) -> 0
A74: ST | B74: NO | C74: 4 | D74: PMB2211002 | H74: =((YEAR(TODAY())-YEAR(M74))*12+MONTH(TODAY())-MONTH(M74))/12 -> 3.5833333 | I74: 0380581647 | J74: Endriyanto | L74: Coordinator Sales Electric Bogor | M74: 44875 | N74: Islam | O74: 29884 | R74: =VLOOKUP(D71,'[1]0524'!$B$3:$B$125,1,0) -> #N/A
A75: ST | B75: NO | C75: 5 | D75: PMB2405003 | H75: =((YEAR(TODAY())-YEAR(M75))*12+MONTH(TODAY())-MONTH(M75))/12 -> 2.0833333 | I75: 3720066482 | J75: Syahri Rizki | L75: Sales Electric Staff Bogor | M75: 45414 | N75: Islam | O75: 34399 | R75: =VLOOKUP(D72,'[1]0524'!$B$3:$B$125,1,0) -> PMB2009005
A76: ST | B76: NO | C76: 6 | D76: PMB2212002 | H76: =((YEAR(TODAY())-YEAR(M76))*12+MONTH(TODAY())-MONTH(M76))/12 -> 3.5 | I76: 7402130230 | J76: Wahyu Widiana | L76: Sales Electric Staff Bogor | M76: 44903 | N76: Islam | O76: 35619 | R76: =VLOOKUP(D73,'[1]0524'!$B$3:$B$125,1,0) -> PMB2112002
A77: ST | B77: NO | C77: 7 | D77: PMD2602008 | H77: =((YEAR(TODAY())-YEAR(M77))*12+MONTH(TODAY())-MONTH(M77))/12 -> 0.33333333 | I77: 8330055473 | J77: Krisna Adi Nugraha | L77: Sales Electric Staff Bogor | M77: 46066 | N77: Islam | O77: 29874
J79: Pipe & Pump Bogor
J80: Sales Pipe & Pump Bogor
A81: ST | B81: NO | C81: 1 | D81: PMB2207003 | H81: =((YEAR(TODAY())-YEAR(M81))*12+MONTH(TODAY())-MONTH(M81))/12 -> 4 | I81: 1742087799 | J81: Rian Rudian | L81: Sales Pipe & Pump Staff Bogor | M81: 44739 | N81: Islam | O81: 32189 | R81: =VLOOKUP(D78,'[1]0524'!$B$3:$B$125,1,0) -> 0
A82: ST | B82: NO | C82: 2 | D82: PMB2302004 | H82: =((YEAR(TODAY())-YEAR(M82))*12+MONTH(TODAY())-MONTH(M82))/12 -> 3.3333333 | I82: 7120059186 | J82: Ahmad Daud Abdullah | L82: Sales Pipe & Pump Staff Bogor | M82: 44979 | N82: Islam | O82: 34936 | R82: =VLOOKUP(D79,'[1]0524'!$B$3:$B$125,1,0) -> 0
A83: ST | B83: NO | C83: 3 | D83: PMB2307003 | H83: =((YEAR(TODAY())-YEAR(M83))*12+MONTH(TODAY())-MONTH(M83))/12 -> 2.9166667 | I83: 8410839165 | J83: Ida Sugiarti | L83: Coordinator Sales Pipe & Pump Bogor | M83: 45124 | N83: Islam | O83: 31212 | R83: =VLOOKUP(D80,'[1]0524'!$B$3:$B$125,1,0) -> 0
A84: ST | B84: NO | C84: 4 | D84: PMB2212001 | H84: =((YEAR(TODAY())-YEAR(M84))*12+MONTH(TODAY())-MONTH(M84))/12 -> 3.5 | I84: 0630100844 | J84: Gati Kusmanto | L84: Sales Pipe & Pump Staff Bogor | M84: 44902 | N84: Islam | O84: 29785 | R84: =VLOOKUP(D82,'[1]0524'!$B$3:$B$125,1,0) -> #N/A
A85: ST | B85: NO | C85: 5 | D85: PMD2508009 | H85: =((YEAR(TODAY())-YEAR(M85))*12+MONTH(TODAY())-MONTH(M85))/12 -> 0.83333333 | I85: 8720170974 | J85: Abdul Agus | L85: Sales Pipe & Pump Staff Bogor | M85: 45894 | N85: Islam | O85: 32737
A86: ST | B86: NO | C86: 6 | D86: PMD2602007 | H86: =((YEAR(TODAY())-YEAR(M86))*12+MONTH(TODAY())-MONTH(M86))/12 -> 0.33333333 | I86: 7080350729 | J86: Henri Hermawan Saputro | L86: Sales Pipe & Pump Staff Bogor | M86: 46065 | N86: Islam | O86: 27845
J88: Pipamas Bogor
J89: Sales Pipamas Bogor
A90: ST | B90: NO | C90: 1 | D90: PMB2110006 | H90: =((YEAR(TODAY())-YEAR(M90))*12+MONTH(TODAY())-MONTH(M90))/12 -> 4.6666667 | I90: 8691144780 | J90: Lili Murtado | L90: Sales Pipamas Staff Bogor | M90: 44496 | N90: Islam | O90: 33029 | R90: =VLOOKUP(D87,'[1]0524'!$B$3:$B$125,1,0) -> 0
A91: ST | B91: NO | C91: 2 | D91: PMB2212003 | H91: =((YEAR(TODAY())-YEAR(M91))*12+MONTH(TODAY())-MONTH(M91))/12 -> 3.5 | I91: 5470418682 | J91: Febiansyah | K91: 46146 | L91: Sales Pipamas Staff Bogor | M91: 44903 | N91: Islam | O91: 32542 | P91: HOLD | R91: =VLOOKUP(D88,'[1]0524'!$B$3:$B$125,1,0) -> 0
A92: ST | B92: NO | C92: 3 | D92: PMD2510002 | H92: =((YEAR(TODAY())-YEAR(M92))*12+MONTH(TODAY())-MONTH(M92))/12 -> 0.66666667 | I92: 0953302303 | J92: Artanto | L92: Sales Pipamas Staff Bogor | M92: 45944 | N92: Islam | O92: 32663
A93: ST | B93: NO | C93: 4 | D93: PMD2512012 | H93: =((YEAR(TODAY())-YEAR(M93))*12+MONTH(TODAY())-MONTH(M93))/12 -> 0.5 | I93: 4270520851 | J93: Mulyadi | K93: 46136 | L93: Sales Pipamas Staff Bogor | M93: 46021 | N93: Islam | O93: 31105 | P93: HOLD
J95: Ici Pck
J96: Sales Pck
A97: ST | B97: NO | C97: 1 | D97: PMK1809003 | H97: =((YEAR(TODAY())-YEAR(M97))*12+MONTH(TODAY())-MONTH(M97))/12 -> 7.75 | I97: 5770551341 | J97: Bonar Jumada | L97: Sales Paint Staff Karawang | M97: 43349 | N97: Kristen | O97: 31517 | R97: =VLOOKUP(#REF!,'[1]0524'!$B$3:$B$125,1,0) -> #REF!
A98: ST | B98: NO | C98: 2 | D98: PMK2011003 | H98: =((YEAR(TODAY())-YEAR(M98))*12+MONTH(TODAY())-MONTH(M98))/12 -> 5.5833333 | I98: 3780397925 | J98: Ujang Sulaeman | L98: Sales Paint Staff Karawang | M98: 44137 | N98: Islam | O98: 31589 | R98: =VLOOKUP(D94,'[1]0524'!$B$3:$B$125,1,0) -> 0
A99: ST | B99: NO | C99: 3 | D99: PMK2112008 | H99: =((YEAR(TODAY())-YEAR(M99))*12+MONTH(TODAY())-MONTH(M99))/12 -> 4.5 | I99: 1092167482 | J99: Asep Anang Rusmana | K99: 46113 | L99: Sales Pipe & Pump Staff Karawang | M99: 44538 | N99: Islam | O99: 31664 | R99: =VLOOKUP(D95,'[1]0524'!$B$3:$B$125,1,0) -> 0
A100: ST | B100: NO | C100: 4 | D100: PMK2306002 | H100: =((YEAR(TODAY())-YEAR(M100))*12+MONTH(TODAY())-MONTH(M100))/12 -> 3 | I100: 0662788285 | J100: Afif Mustafa | L100: Sales Pipamas Staff Karawang | M100: 45104 | N100: Islam | O100: 30888 | R100: =VLOOKUP(D96,'[1]0524'!$B$3:$B$125,1,0) -> 0
A101: ST | B101: NO | C101: 5 | D101: PMK2412001 | H101: =((YEAR(TODAY())-YEAR(M101))*12+MONTH(TODAY())-MONTH(M101))/12 -> 1.5 | I101: 0087042531 | J101: Kiki Hadisurya | L101: Sales Electric Staff Karawang | M101: 45649 | N101: Kristen | O101: 33135
A102: ST | B102: NO | C102: 6 | D102: PMD2508008 | H102: =((YEAR(TODAY())-YEAR(M102))*12+MONTH(TODAY())-MONTH(M102))/12 -> 0.83333333 | I102: 5745718288 | J102: Ahmad Sanusi | K102: 46150 | L102: Sales Paint Staff Karawang | M102: 45894 | N102: Islam | O102: 32300
J104: All Divisi Cirebon
J105: Electric Cirebon
J106: Sales Electric Cirebon
A107: ST | B107: NO | C107: 1 | D107: PMC2204005 | H107: =((YEAR(TODAY())-YEAR(M107))*12+MONTH(TODAY())-MONTH(M107))/12 -> 4.1666667 | I107: 8180379941 | J107: Ismanto | L107: Sales Electric, Pipamas, Pipe & Pump Supervisor Cirebon | M107: 44669 | N107: Islam | O107: 28678
A108: ST | B108: NO | C108: 2 | D108: PMC2112006 | H108: =((YEAR(TODAY())-YEAR(M108))*12+MONTH(TODAY())-MONTH(M108))/12 -> 4.5 | I108: 8180224085 | J108: Fanji Berliandy Azhari Ridzki | L108: Sales Electric Staff Cirebon | M108: 44536 | N108: Islam | O108: 35737 | R108: =VLOOKUP(D104,'[1]0524'!$B$3:$B$125,1,0) -> 0
A109: ST | B109: NO | C109: 3 | D109: PMC2203003 | H109: =((YEAR(TODAY())-YEAR(M109))*12+MONTH(TODAY())-MONTH(M109))/12 -> 4.25 | I109: 8180374729 | J109: Moch Apip | L109: Coordinator Sales Electric Cirebon | M109: 44645 | N109: Islam | O109: 33527 | R109: =VLOOKUP(D105,'[1]0524'!$B$3:$B$125,1,0) -> 0
A110: ST | B110: NO | C110: 4 | D110: PMC2301001 | H110: =((YEAR(TODAY())-YEAR(M110))*12+MONTH(TODAY())-MONTH(M110))/12 -> 3.4166667 | I110: 1342293292 | J110: Nurfadilah | L110: Sales Electric Staff Cirebon | M110: 44951 | N110: Islam | O110: 34993 | R110: =VLOOKUP(D106,'[1]0524'!$B$3:$B$125,1,0) -> 0
A111: ST | B111: NO | C111: 5 | D111: PMC2407004 | H111: =((YEAR(TODAY())-YEAR(M111))*12+MONTH(TODAY())-MONTH(M111))/12 -> 1.9166667 | I111: 8180505475 | J111: Fidyah Faroid | L111: Sales Electric Staff Cirebon | M111: 45502 | N111: Islam | O111: 36048
A112: ST | B112: NO | C112: 6 | D112: PMC2412003 | H112: =((YEAR(TODAY())-YEAR(M112))*12+MONTH(TODAY())-MONTH(M112))/12 -> 1.5 | I112: 2991983084 | J112: Ipan Wiguna | L112: Sales Electric Staff Cirebon | M112: 45643 | N112: Islam | O112: 35318
...
