Workbook

Sheet 20an
A1: St | B1: FIX | C1: Nu | D1: NIK | E1: Sakit | F1: Izin | G1: Alpha | H1: Lama Kerja | I1: No AC | J1: Dept and Location | K1: Tgl Resign | L1: Posisi | M1: Tgl Masuk | N1: Agama | O1: Tgl Lahir | P1: Keterangan | Q1: Rekonsiliasi
A2: ST | B2: NO | C2: 1 | D2: PMD2002003 | E2: 0 | F2: 0 | G2: 0 | H2: =((YEAR(TODAY())-YEAR(M2))*12+MONTH(TODAY())-MONTH(M2))/12 -> 6.25 | I2: 2801307991 | J2: Fanny Aisiyah Zuliani | L2: Coordinator Marketing Online Departement Soekarno Hatta | M2: 43865 | N2: Islam | O2: 32350 | Q2: =IF(COUNTIF('JAN26'!$G:$G, D2)=0, "Tidak Ada", "Ada") -> Tidak Ada
A3: ST | B3: NO | C3: 2 | D3: PMD2408004 | E3: 0 | F3: 0 | G3: 0 | H3: =((YEAR(TODAY())-YEAR(M3))*12+MONTH(TODAY())-MONTH(M3))/12 -> 1.75 | I3: 3790895125 | J3: Enok Rina Hasanah | L3: Marketing Online Departement Soekarno Hatta | M3: 45513 | N3: Islam | O3: 35872 | Q3: =IF(COUNTIF('JAN26'!$G:$G, D3)=0, "Tidak Ada", "Ada") -> Tidak Ada
A4: ST | B4: NO | C4: 3 | D4: PMD2502003 | E4: 1 | F4: 0 | G4: 0 | H4: =((YEAR(TODAY())-YEAR(M4))*12+MONTH(TODAY())-MONTH(M4))/12 -> 1.25 | I4: 7753136314 | J4: Yuli Sartika | L4: Marketing Online Departement Soekarno Hatta | M4: 45705 | N4: Islam | O4: 35635 | Q4: =IF(COUNTIF('JAN26'!$G:$G, D4)=0, "Tidak Ada", "Ada") -> Tidak Ada
A5: ST | B5: NO | C5: 1 | D5: PMD2207003 | E5: 0 | F5: 0 | G5: 0 | H5: =((YEAR(TODAY())-YEAR(M5))*12+MONTH(TODAY())-MONTH(M5))/12 -> 2.75 | I5: 1560107931 | J5: Ricki Galih Ginanjar | L5: Coordinator Sales Pipamas Division | M5: 45169 | N5: Islam | O5: 32129 | Q5: =IF(COUNTIF('JAN26'!$G:$G, D5)=0, "Tidak Ada", "Ada") -> Ada
A6: ST | B6: NO | C6: 2 | D6: PMD2109007 | E6: 0 | F6: 0 | G6: 0 | H6: =((YEAR(TODAY())-YEAR(M6))*12+MONTH(TODAY())-MONTH(M6))/12 -> 4.6666667 | I6: 2831290783 | J6: Muhammad Riki Safari | L6: Sales Pipamas Staff Soekarno Hatta | M6: 44460 | N6: Islam | O6: 34894 | Q6: =IF(COUNTIF('JAN26'!$G:$G, D6)=0, "Tidak Ada", "Ada") -> Ada
A7: ST | B7: NO | C7: 3 | D7: PMD2210008 | E7: 1 | F7: 0 | G7: 0 | H7: =((YEAR(TODAY())-YEAR(M7))*12+MONTH(TODAY())-MONTH(M7))/12 -> 3.5833333 | I7: 0083879235 | J7: Bagus Gumilar | L7: Sales Pipamas Staff Soekarno Hatta | M7: 44858 | N7: Islam | O7: 34577 | Q7: =IF(COUNTIF('JAN26'!$G:$G, D7)=0, "Tidak Ada", "Ada") -> Ada
A8: ST | B8: NO | C8: 4 | D8: PMD2503003 | E8: 0 | F8: 0 | G8: 0 | H8: =((YEAR(TODAY())-YEAR(M8))*12+MONTH(TODAY())-MONTH(M8))/12 -> 1.1666667 | I8: 7750965185 | J8: Aditya Muhammad Ramdhan | L8: Sales Pipamas Staff Soekarno Hatta | M8: 45727 | N8: Islam | O8: 34391 | Q8: =IF(COUNTIF('JAN26'!$G:$G, D8)=0, "Tidak Ada", "Ada") -> Ada
A9: ST | B9: NO | C9: 5 | D9: PMD2503004 | E9: 0 | F9: 0 | G9: 0 | H9: =((YEAR(TODAY())-YEAR(M9))*12+MONTH(TODAY())-MONTH(M9))/12 -> 1.1666667 | I9: 1560108695 | J9: Gugun Hanafi | L9: Sales Pipamas Staff Soekarno Hatta | M9: 45727 | N9: Islam | O9: 35744 | Q9: =IF(COUNTIF('JAN26'!$G:$G, D9)=0, "Tidak Ada", "Ada") -> Ada
A10: ST | B10: NO | C10: 6 | D10: PMD2505002 | E10: 0 | F10: 0 | G10: 1 | H10: =((YEAR(TODAY())-YEAR(M10))*12+MONTH(TODAY())-MONTH(M10))/12 -> 1 | I10: 4310478577 | J10: Anre Ikhsan Rosyadi | K10: 46091 | L10: Sales Pipamas Staff Soekarno Hatta | M10: 45792 | N10: Islam | O10: 32585 | Q10: =IF(COUNTIF('JAN26'!$G:$G, D10)=0, "Tidak Ada", "Ada") -> Ada
A11: ST | B11: NO | C11: 7 | D11: PMD2508004 | E11: 0 | F11: 3 | G11: 0 | H11: =((YEAR(TODAY())-YEAR(M11))*12+MONTH(TODAY())-MONTH(M11))/12 -> 0.75 | I11: 8320689768 | J11: Ikhsan Maulana Yusuf | L11: Sales Pipamas Staff Soekarno Hatta | M11: 45887 | N11: Islam | O11: 34699 | Q11: =IF(COUNTIF('JAN26'!$G:$G, D11)=0, "Tidak Ada", "Ada") -> Ada
A12: ST | B12: NO | C12: 8 | D12: PMD2508010 | E12: 0 | F12: 0 | G12: 0 | H12: =((YEAR(TODAY())-YEAR(M12))*12+MONTH(TODAY())-MONTH(M12))/12 -> 0.75 | I12: 3790592777 | J12: Asep Sopiyan | L12: Sales Pipamas Staff Soekarno Hatta | M12: 45896 | N12: Islam | O12: 30738 | Q12: =IF(COUNTIF('JAN26'!$G:$G, D12)=0, "Tidak Ada", "Ada") -> Ada
A13: ST | B13: NO | C13: 9 | D13: PMD2509003 | E13: 0 | F13: 0 | G13: 0 | H13: =((YEAR(TODAY())-YEAR(M13))*12+MONTH(TODAY())-MONTH(M13))/12 -> 0.66666667 | I13: 2800939910 | J13: Hari Wiharyana | L13: Sales Pipamas Staff Soekarno Hatta | M13: 45904 | N13: Islam | O13: 29291 | Q13: =IF(COUNTIF('JAN26'!$G:$G, D13)=0, "Tidak Ada", "Ada") -> Ada
A14: ST | B14: NO | C14: 10 | D14: PMD2512006 | E14: 0 | F14: 0 | G14: 0 | H14: =((YEAR(TODAY())-YEAR(M14))*12+MONTH(TODAY())-MONTH(M14))/12 -> 0.41666667 | I14: 8090609018 | J14: Billy Sugiarto | L14: Coordinator Sales Pipamas Division | M14: 46000 | N14: Islam | O14: 33910 | Q14: =IF(COUNTIF('JAN26'!$G:$G, D14)=0, "Tidak Ada", "Ada") -> Ada
A15: ST | B15: NO | C15: 1 | D15: PMD2205003 | E15: 0 | F15: 0 | G15: 0 | H15: =((YEAR(TODAY())-YEAR(M15))*12+MONTH(TODAY())-MONTH(M15))/12 -> 4 | I15: 2810384045 | J15: Hasudungan | L15: Sales Electric Staff Soekarno Hatta | M15: 44704 | N15: Islam | O15: 31148 | Q15: =IF(COUNTIF('JAN26'!$G:$G, D15)=0, "Tidak Ada", "Ada") -> Ada
A16: ST | B16: NO | C16: 2 | D16: PMD2408006 | E16: 0 | F16: 0 | G16: 0 | H16: =((YEAR(TODAY())-YEAR(M16))*12+MONTH(TODAY())-MONTH(M16))/12 -> 1.75 | I16: 7940315390 | J16: Syamsul Palah | L16: Sales Electric Staff Soekarno Hatta | M16: 45533 | N16: Islam | O16: 36568 | Q16: =IF(COUNTIF('JAN26'!$G:$G, D16)=0, "Tidak Ada", "Ada") -> Ada
A17: ST | B17: NO | C17: 3 | D17: PMD2412001 | E17: 0 | F17: 0 | G17: 0 | H17: =((YEAR(TODAY())-YEAR(M17))*12+MONTH(TODAY())-MONTH(M17))/12 -> 1.4166667 | I17: 7495077144 | J17: Ghisan Al Azhali | L17: Sales Electric Staff Soekarno Hatta | M17: 45628 | N17: Islam | O17: 33840 | Q17: =IF(COUNTIF('JAN26'!$G:$G, D17)=0, "Tidak Ada", "Ada") -> Ada
A18: ST | B18: NO | C18: 4 | D18: PMD2512005 | E18: 0 | F18: 0 | G18: 1 | H18: =((YEAR(TODAY())-YEAR(M18))*12+MONTH(TODAY())-MONTH(M18))/12 -> 0.41666667 | I18: 1390637132 | J18: Virsqi Indra Perdana | L18: Sales Electric Staff Soekarno Hatta | M18: 46000 | N18: Islam | O18: 34636 | Q18: =IF(COUNTIF('JAN26'!$G:$G, D18)=0, "Tidak Ada", "Ada") -> Ada
A19: ST | B19: NO | C19: 5 | D19: PMD2512008 | E19: 0 | F19: 5 | G19: 0 | H19: =((YEAR(TODAY())-YEAR(M19))*12+MONTH(TODAY())-MONTH(M19))/12 -> 0.41666667 | I19: 3741721129 | J19: Renaldi Agustiana Yusuf | L19: Sales Electric Staff Soekarno Hatta | M19: 46006 | N19: Islam | O19: 36032 | Q19: =IF(COUNTIF('JAN26'!$G:$G, D19)=0, "Tidak Ada", "Ada") -> Ada
A20: ST | B20: NO | C20: 1 | D20: PMD2012002 | E20: 0 | F20: 0 | G20: 0 | H20: =((YEAR(TODAY())-YEAR(M20))*12+MONTH(TODAY())-MONTH(M20))/12 -> 5.4166667 | I20: 0631281850 | J20: Aston Villa | K20: 46125 | L20: Sales Coordinator Pipe & Pump Division Soekarno Hatta | M20: 44172 | N20: Islam | O20: 31221 | P20: HOLD | Q20: =IF(COUNTIF('JAN26'!$G:$G, D20)=0, "Tidak Ada", "Ada") -> Ada
A21: ST | B21: NO | C21: 2 | D21: PMD2402001 | E21: 0 | F21: 0 | G21: 0 | H21: =((YEAR(TODAY())-YEAR(M21))*12+MONTH(TODAY())-MONTH(M21))/12 -> 2.25 | I21: 8103039361 | J21: Agus Gunawan | L21: Sales Pipe & Pump Staff Soekarno Hatta | M21: 45334 | N21: Islam | O21: 32768 | Q21: =IF(COUNTIF('JAN26'!$G:$G, D21)=0, "Tidak Ada", "Ada") -> Ada
A22: ST | B22: NO | C22: 3 | D22: PMD2407002 | E22: 0 | F22: 0 | G22: 2 | H22: =((YEAR(TODAY())-YEAR(M22))*12+MONTH(TODAY())-MONTH(M22))/12 -> 1.8333333 | I22: 1760287934 | J22: Andre Setiawan | L22: Sales Pipe & Pump Staff Soekarno Hatta | M22: 45481 | N22: Islam | O22: 35959 | Q22: =IF(COUNTIF('JAN26'!$G:$G, D22)=0, "Tidak Ada", "Ada") -> Ada
A23: ST | B23: NO | C23: 4 | D23: PMD2502005 | E23: 0 | F23: 0 | G23: 0 | H23: =((YEAR(TODAY())-YEAR(M23))*12+MONTH(TODAY())-MONTH(M23))/12 -> 1.25 | I23: 2801445111 | J23: Erlan Sopiana | L23: Sales Pipe & Pump Staff Soekarno Hatta | M23: 45713 | N23: Islam | O23: 35233 | Q23: =IF(COUNTIF('JAN26'!$G:$G, D23)=0, "Tidak Ada", "Ada") -> Ada
A24: ST | B24: NO | C24: 5 | D24: PMD2506001 | E24: 0 | F24: 0 | G24: 0 | H24: =((YEAR(TODAY())-YEAR(M24))*12+MONTH(TODAY())-MONTH(M24))/12 -> 0.91666667 | I24: 8106058160 | J24: Hendikus Waruwu | K24: 46111 | L24: Sales Pipe & Pump Staff Soekarno Hatta | M24: 45838 | N24: Katolik | O24: 37450 | Q24: =IF(COUNTIF('JAN26'!$G:$G, D24)=0, "Tidak Ada", "Ada") -> Ada
A25: ST | B25: NO | C25: 6 | D25: PMD2107003 | E25: 0 | F25: 0 | G25: 0 | H25: =((YEAR(TODAY())-YEAR(M25))*12+MONTH(TODAY())-MONTH(M25))/12 -> 4.8333333 | I25: 2830811802 | J25: Yus Yusuf Angga Setiabudi | L25: Sales Pipe & Pump Staff Soekarno Hatta | M25: 44403 | N25: Islam | O25: 32155 | Q25: =IF(COUNTIF('JAN26'!$G:$G, D25)=0, "Tidak Ada", "Ada") -> Ada
A26: ST | B26: NO | C26: 8 | D26: PMD2511002 | E26: 0 | F26: 0 | G26: 0 | H26: =((YEAR(TODAY())-YEAR(M26))*12+MONTH(TODAY())-MONTH(M26))/12 -> 0.5 | I26: 2831900280 | J26: Tegoeh Pramono | L26: Sales Pipe & Pump Staff Soekarno Hatta | M26: 45978 | N26: Islam | O26: 31614 | Q26: =IF(COUNTIF('JAN26'!$G:$G, D26)=0, "Tidak Ada", "Ada") -> Ada
A27: ST | B27: NO | C27: 9 | D27: PMD2511004 | E27: 0 | F27: 0 | G27: 0 | H27: =((YEAR(TODAY())-YEAR(M27))*12+MONTH(TODAY())-MONTH(M27))/12 -> 0.5 | I27: 1392396947 | J27: Leo Ferdiansyah | L27: Sales Pipe & Pump Staff Soekarno Hatta | M27: 45979 | N27: Islam | O27: 31274 | Q27: =IF(COUNTIF('JAN26'!$G:$G, D27)=0, "Tidak Ada", "Ada") -> Ada
A28: ST | B28: NO | C28: 1 | D28: PMD2111013 | E28: 0 | F28: 0 | G28: 0 | H28: =((YEAR(TODAY())-YEAR(M28))*12+MONTH(TODAY())-MONTH(M28))/12 -> 4.5 | I28: 2830825579 | J28: Rahmat Hidayat | L28: Sales Paint Staff Soekarno Hatta | M28: 44525 | N28: Islam | O28: 27249 | Q28: =IF(COUNTIF('JAN26'!$G:$G, D28)=0, "Tidak Ada", "Ada") -> Ada
A29: ST | B29: NO | C29: 2 | D29: PMD2201006 | E29: 0 | F29: 0 | G29: 0 | H29: =((YEAR(TODAY())-YEAR(M29))*12+MONTH(TODAY())-MONTH(M29))/12 -> 4.3333333 | I29: 1393356867 | J29: Dadan Hardiansah Putra | K29: 46055 | L29: Sales Paint Staff Soekarno Hatta | M29: 44572 | N29: Islam | O29: 29884 | Q29: =IF(COUNTIF('JAN26'!$G:$G, D29)=0, "Tidak Ada", "Ada") -> Ada
A30: ST | B30: NO | C30: 3 | D30: PMD2112004 | E30: 0 | F30: 0 | G30: 0 | H30: =((YEAR(TODAY())-YEAR(M30))*12+MONTH(TODAY())-MONTH(M30))/12 -> 4.4166667 | I30: 1393317101 | J30: Moch Armando Vebby | L30: Sales Supervisor Paint Staff Soekarno Hatta | M30: 44533 | N30: Islam | O30: 32685 | Q30: =IF(COUNTIF('JAN26'!$G:$G, D30)=0, "Tidak Ada", "Ada") -> Ada
A31: ST | B31: NO | C31: 4 | D31: PMD2201008 | E31: 0 | F31: 0 | G31: 0 | H31: =((YEAR(TODAY())-YEAR(M31))*12+MONTH(TODAY())-MONTH(M31))/12 -> 4.3333333 | I31: 1760203960 | J31: Andi Kurniawan | L31: Sales Paint Staff Soekarno Hatta | M31: 44572 | N31: Islam | O31: 32726 | Q31: =IF(COUNTIF('JAN26'!$G:$G, D31)=0, "Tidak Ada", "Ada") -> Ada
A32: ST | B32: NO | C32: 5 | D32: PMD2206002 | E32: 0 | F32: 0 | G32: 0 | H32: =((YEAR(TODAY())-YEAR(M32))*12+MONTH(TODAY())-MONTH(M32))/12 -> 3.9166667 | I32: 4372932876 | J32: Satria Pamungkas | L32: Sales Coordinator Paint Division | M32: 44732 | N32: Islam | O32: 29884 | Q32: =IF(COUNTIF('JAN26'!$G:$G, D32)=0, "Tidak Ada", "Ada") -> Ada
A33: ST | B33: NO | C33: 6 | D33: PMD2308002 | E33: 0 | F33: 0 | G33: 0 | H33: =((YEAR(TODAY())-YEAR(M33))*12+MONTH(TODAY())-MONTH(M33))/12 -> 2.75 | I33: 2832258475 | J33: Ikhwan Fiddin | K33: 46136 | L33: Sales Paint Staff Soekarno Hatta | M33: 45139 | N33: Islam | O33: 33909 | P33: HOLD | Q33: =IF(COUNTIF('JAN26'!$G:$G, D33)=0, "Tidak Ada", "Ada") -> Ada
A34: ST | B34: NO | C34: 1 | D34: PMD2201011 | E34: 0 | F34: 0 | G34: 0 | H34: =((YEAR(TODAY())-YEAR(M34))*12+MONTH(TODAY())-MONTH(M34))/12 -> 4.3333333 | I34: 4371314568 | J34: Ridwan Fauzan Firdaus | L34: Sales Electric Staff Soekarno Hatta | M34: 44588 | N34: Islam | O34: 34627 | Q34: =IF(COUNTIF('JAN26'!$G:$G, D34)=0, "Tidak Ada", "Ada") -> Ada
A35: ST | B35: NO | C35: 2 | D35: PMD2205006 | E35: 0 | F35: 0 | G35: 0 | H35: =((YEAR(TODAY())-YEAR(M35))*12+MONTH(TODAY())-MONTH(M35))/12 -> 4 | I35: 8100893330 | J35: Nur Ali | L35: Sales Coordinator Electric Soekarno Hatta | M35: 44706 | N35: Islam | O35: 35135 | Q35: =IF(COUNTIF('JAN26'!$G:$G, D35)=0, "Tidak Ada", "Ada") -> Ada
A36: ST | B36: NO | C36: 1 | D36: PMB2506001 | E36: 0 | F36: 0 | G36: 0 | H36: =((YEAR(TODAY())-YEAR(M36))*12+MONTH(TODAY())-MONTH(M36))/12 -> 0.91666667 | I36: 7380496873 | J36: Ramli Nasution | K36: 46146 | L36: Sales ICI Coordinator Bogor | M36: 45817 | N36: Islam | O36: 30054 | P36: HOLD | Q36: =IF(COUNTIF('JAN26'!$G:$G, D36)=0, "Tidak Ada", "Ada") -> Ada
A37: ST | B37: NO | C37: 2 | D37: PMB1909012 | E37: 0 | F37: 0 | G37: 0 | H37: =((YEAR(TODAY())-YEAR(M37))*12+MONTH(TODAY())-MONTH(M37))/12 -> 6.6666667 | I37: 3370017751 | J37: Lucky Gema Christyan Syah | L37: Sales ICI Staff Bogor | M37: 43731 | N37: Islam | O37: 33253 | Q37: =IF(COUNTIF('JAN26'!$G:$G, D37)=0, "Tidak Ada", "Ada") -> Ada
A38: ST | B38: NO | C38: 3 | D38: PMB2105004 | E38: 1 | F38: 0 | G38: 0 | H38: =((YEAR(TODAY())-YEAR(M38))*12+MONTH(TODAY())-MONTH(M38))/12 -> 5 | I38: 8720710197 | J38: Zaenudin | L38: Sales ICI Staff Bogor | M38: 44341 | N38: Islam | O38: 32708 | Q38: =IF(COUNTIF('JAN26'!$G:$G, D38)=0, "Tidak Ada", "Ada") -> Ada
A39: ST | B39: NO | C39: 4 | D39: PMB2405006 | E39: 1 | F39: 0 | G39: 0 | H39: =((YEAR(TODAY())-YEAR(M39))*12+MONTH(TODAY())-MONTH(M39))/12 -> 2 | I39: 0953412346 | J39: Asep Permana Noor | L39: Sales ICI Staff Bogor | M39: 45426 | N39: Islam | O39: 31565 | Q39: =IF(COUNTIF('JAN26'!$G:$G, D39)=0, "Tidak Ada", "Ada") -> Ada
A40: ST | B40: NO | C40: 5 | D40: PMB2411002 | E40: 1 | F40: 0 | G40: 0 | H40: =((YEAR(TODAY())-YEAR(M40))*12+MONTH(TODAY())-MONTH(M40))/12 -> 1.5 | I40: 1672882235 | J40: Fajar Nugraha | L40: Sales ICI Staff Bogor | M40: 45616 | N40: Islam | O40: 34033 | Q40: =IF(COUNTIF('JAN26'!$G:$G, D40)=0, "Tidak Ada", "Ada") -> Ada
A41: ST | B41: NO | C41: 6 | D41: PMD2509001 | E41: 1 | F41: 0 | G41: 0 | H41: =((YEAR(TODAY())-YEAR(M41))*12+MONTH(TODAY())-MONTH(M41))/12 -> 0.66666667 | I41: 6820539786 | J41: Zainal Hakiki | L41: Sales ICI Supervisor Bogor | M41: 45901 | N41: Islam | O41: 34609 | Q41: =IF(COUNTIF('JAN26'!$G:$G, D41)=0, "Tidak Ada", "Ada") -> Ada
A42: ST | B42: NO | C42: 7 | D42: PMD2601002 | E42: 0 | F42: 0 | G42: 0 | H42: =((YEAR(TODAY())-YEAR(M42))*12+MONTH(TODAY())-MONTH(M42))/12 -> 0.33333333 | I42: 6610706418 | J42: Fitrah Ramadhan | L42: Sales ICI Staff Bogor | M42: 46051 | N42: Islam | O42: 35117 | Q42: =IF(COUNTIF('JAN26'!$G:$G, D42)=0, "Tidak Ada", "Ada") -> Ada
A43: ST | B43: NO | C43: 1 | D43: PMB2405002 | E43: 0 | F43: 0 | G43: 0 | H43: =((YEAR(TODAY())-YEAR(M43))*12+MONTH(TODAY())-MONTH(M43))/12 -> 2 | I43: 0953571843 | J43: Nanda Amelia | L43: Sales Pipe & Pump & Electric Supervisor Bogor | M43: 45414 | N43: Islam | O43: 35387 | Q43: =IF(COUNTIF('JAN26'!$G:$G, D43)=0, "Tidak Ada", "Ada") -> Ada
A44: ST | B44: NO | C44: 2 | D44: PMB2009005 | E44: 0 | F44: 0 | G44: 0 | H44: =((YEAR(TODAY())-YEAR(M44))*12+MONTH(TODAY())-MONTH(M44))/12 -> 5.6666667 | I44: 5735335861 | J44: Muhamad Hasan | L44: Sales Electric Staff Bogor | M44: 44099 | N44: Islam | O44: 30179 | Q44: =IF(COUNTIF('JAN26'!$G:$G, D44)=0, "Tidak Ada", "Ada") -> Ada
A45: ST | B45: NO | C45: 3 | D45: PMB2112002 | E45: 0 | F45: 0 | G45: 0 | H45: =((YEAR(TODAY())-YEAR(M45))*12+MONTH(TODAY())-MONTH(M45))/12 -> 4.4166667 | I45: 5015250876 | J45: Ryan Novi Handoko | L45: Sales Electric Staff Bogor | M45: 44531 | N45: Islam | O45: 33197 | Q45: =IF(COUNTIF('JAN26'!$G:$G, D45)=0, "Tidak Ada", "Ada") -> Ada
A46: ST | B46: NO | C46: 4 | D46: PMB2211002 | E46: 0 | F46: 0 | G46: 0 | H46: =((YEAR(TODAY())-YEAR(M46))*12+MONTH(TODAY())-MONTH(M46))/12 -> 3.5 | I46: 0380581647 | J46: Endriyanto | L46: Coordinator Sales Electric Bogor | M46: 44875 | N46: Islam | O46: 29884 | Q46: =IF(COUNTIF('JAN26'!$G:$G, D46)=0, "Tidak Ada", "Ada") -> Ada
A47: ST | B47: NO | C47: 5 | D47: PMB2405003 | E47: 1 | F47: 0 | G47: 0 | H47: =((YEAR(TODAY())-YEAR(M47))*12+MONTH(TODAY())-MONTH(M47))/12 -> 2 | I47: 3720066482 | J47: Syahri Rizki | L47: Sales Electric Staff Bogor | M47: 45414 | N47: Islam | O47: 34399 | Q47: =IF(COUNTIF('JAN26'!$G:$G, D47)=0, "Tidak Ada", "Ada") -> Ada
A48: ST | B48: NO | C48: 6 | D48: PMB2212002 | E48: 0 | F48: 0 | G48: 1 | H48: =((YEAR(TODAY())-YEAR(M48))*12+MONTH(TODAY())-MONTH(M48))/12 -> 3.4166667 | I48: 7402130230 | J48: Wahyu Widiana | L48: Sales Electric Staff Bogor | M48: 44903 | N48: Islam | O48: 35619 | Q48: =IF(COUNTIF('JAN26'!$G:$G, D48)=0, "Tidak Ada", "Ada") -> Ada
A49: ST | B49: NO | C49: 1 | D49: PMB2207003 | E49: 0 | F49: 0 | G49: 0 | H49: =((YEAR(TODAY())-YEAR(M49))*12+MONTH(TODAY())-MONTH(M49))/12 -> 3.9166667 | I49: 1742087799 | J49: Rian Rudian | L49: Sales Pipe & Pump Staff Bogor | M49: 44739 | N49: Islam | O49: 32189 | Q49: =IF(COUNTIF('JAN26'!$G:$G, D49)=0, "Tidak Ada", "Ada") -> Ada
A50: ST | B50: NO | C50: 2 | D50: PMB2302004 | E50: 0 | F50: 0 | G50: 0 | H50: =((YEAR(TODAY())-YEAR(M50))*12+MONTH(TODAY())-MONTH(M50))/12 -> 3.25 | I50: 7120059186 | J50: Ahmad Daud Abdullah | L50: Sales Pipe & Pump Staff Bogor | M50: 44979 | N50: Islam | O50: 34936 | Q50: =IF(COUNTIF('JAN26'!$G:$G, D50)=0, "Tidak Ada", "Ada") -> Ada
A51: ST | B51: NO | C51: 3 | D51: PMB2307003 | E51: 0 | F51: 0 | G51: 0 | H51: =((YEAR(TODAY())-YEAR(M51))*12+MONTH(TODAY())-MONTH(M51))/12 -> 2.8333333 | I51: 8410839165 | J51: Ida Sugiarti | L51: Coordinator Sales Pipe & Pump Bogor | M51: 45124 | N51: Islam | O51: 31212 | Q51: =IF(COUNTIF('JAN26'!$G:$G, D51)=0, "Tidak Ada", "Ada") -> Ada
A52: ST | B52: NO | C52: 4 | D52: PMB2411001 | E52: 1 | F52: 0 | G52: 0 | H52: =((YEAR(TODAY())-YEAR(M52))*12+MONTH(TODAY())-MONTH(M52))/12 -> 1.5 | I52: 0954790581 | J52: Antonio Rifaldo | K52: 46058 | L52: Sales Pipe & Pump Staff Bogor | M52: 45607 | N52: Islam | O52: 44683 | P52: HOLD | Q52: =IF(COUNTIF('JAN26'!$G:$G, D52)=0, "Tidak Ada", "Ada") -> Ada
A53: ST | B53: NO | C53: 5 | D53: PMB2212001 | E53: 0 | F53: 0 | G53: 0 | H53: =((YEAR(TODAY())-YEAR(M53))*12+MONTH(TODAY())-MONTH(M53))/12 -> 3.4166667 | I53: 0630100844 | J53: Gati Kusmanto | L53: Sales Pipe & Pump Staff Bogor | M53: 44902 | N53: Islam | O53: 29785 | Q53: =IF(COUNTIF('JAN26'!$G:$G, D53)=0, "Tidak Ada", "Ada") -> Ada
A54: ST | B54: NO | C54: 6 | D54: PMD2508009 | E54: 0 | F54: 0 | G54: 0 | H54: =((YEAR(TODAY())-YEAR(M54))*12+MONTH(TODAY())-MONTH(M54))/12 -> 0.75 | I54: 8720170974 | J54: Abdul Agus | L54: Sales Pipe & Pump Staff Bogor | M54: 45894 | N54: Islam | O54: 32737 | Q54: =IF(COUNTIF('JAN26'!$G:$G, D54)=0, "Tidak Ada", "Ada") -> Ada
A55: ST | B55: NO | C55: 1 | D55: PMB2110006 | E55: 0 | F55: 0 | G55: 0 | H55: =((YEAR(TODAY())-YEAR(M55))*12+MONTH(TODAY())-MONTH(M55))/12 -> 4.5833333 | I55: 8691144780 | J55: Lili Murtado | L55: Sales Pipamas Staff Bogor | M55: 44496 | N55: Islam | O55: 33029 | Q55: =IF(COUNTIF('JAN26'!$G:$G, D55)=0, "Tidak Ada", "Ada") -> Ada
A56: ST | B56: NO | C56: 2 | D56: PMB2212003 | E56: 0 | F56: 0 | G56: 0 | H56: =((YEAR(TODAY())-YEAR(M56))*12+MONTH(TODAY())-MONTH(M56))/12 -> 3.4166667 | I56: 5470418682 | J56: Febiansyah | K56: 46146 | L56: Sales Pipamas Staff Bogor | M56: 44903 | N56: Islam | O56: 32542 | P56: HOLD | Q56: =IF(COUNTIF('JAN26'!$G:$G, D56)=0, "Tidak Ada", "Ada") -> Ada
A57: ST | B57: NO | C57: 3 | D57: PMD2510002 | E57: 0 | F57: 0 | G57: 0 | H57: =((YEAR(TODAY())-YEAR(M57))*12+MONTH(TODAY())-MONTH(M57))/12 -> 0.58333333 | I57: 0953302303 | J57: Artanto | L57: Sales Pipamas Staff Bogor | M57: 45944 | N57: Islam | O57: 32663 | Q57: =IF(COUNTIF('JAN26'!$G:$G, D57)=0, "Tidak Ada", "Ada") -> Ada
A58: ST | B58: NO | C58: 4 | D58: PMD2512012 | E58: 0 | F58: 0 | G58: 0 | H58: =((YEAR(TODAY())-YEAR(M58))*12+MONTH(TODAY())-MONTH(M58))/12 -> 0.41666667 | I58: 4270520851 | J58: Mulyadi | K58: 46136 | L58: Sales Pipamas Staff Bogor | M58: 46021 | N58: Islam | O58: 31105 | P58: HOLD | Q58: =IF(COUNTIF('JAN26'!$G:$G, D58)=0, "Tidak Ada", "Ada") -> Tidak Ada
A59: ST | B59: NO | C59: 1 | D59: PMK1809003 | E59: 0 | F59: 0 | G59: 0 | H59: =((YEAR(TODAY())-YEAR(M59))*12+MONTH(TODAY())-MONTH(M59))/12 -> 7.6666667 | I59: 5770551341 | J59: Bonar Jumada | L59: Sales Paint Staff Karawang | M59: 43349 | N59: Kristen | O59: 31517 | Q59: =IF(COUNTIF('JAN26'!$G:$G, D59)=0, "Tidak Ada", "Ada") -> Ada
A60: ST | B60: NO | C60: 2 | D60: PMK2011003 | E60: 0 | F60: 0 | G60: 0 | H60: =((YEAR(TODAY())-YEAR(M60))*12+MONTH(TODAY())-MONTH(M60))/12 -> 5.5 | I60: 3780397925 | J60: Ujang Sulaeman | L60: Sales Paint Staff Karawang | M60: 44137 | N60: Islam | O60: 31589 | Q60: =IF(COUNTIF('JAN26'!$G:$G, D60)=0, "Tidak Ada", "Ada") -> Ada
A61: ST | B61: NO | C61: 3 | D61: PMK2112008 | E61: 0 | F61: 0 | G61: 0 | H61: =((YEAR(TODAY())-YEAR(M61))*12+MONTH(TODAY())-MONTH(M61))/12 -> 4.4166667 | I61: 1092167482 | J61: Asep Anang Rusmana | K61: 46113 | L61: Sales Pipe & Pump Staff Karawang | M61: 44538 | N61: Islam | O61: 31664 | Q61: =IF(COUNTIF('JAN26'!$G:$G, D61)=0, "Tidak Ada", "Ada") -> Ada
A62: ST | B62: NO | C62: 4 | D62: PMK2306002 | E62: 0 | F62: 0 | G62: 0 | H62: =((YEAR(TODAY())-YEAR(M62))*12+MONTH(TODAY())-MONTH(M62))/12 -> 2.9166667 | I62: 0662788285 | J62: Afif Mustafa | L62: Sales Pipamas Staff Karawang | M62: 45104 | N62: Islam | O62: 30888 | Q62: =IF(COUNTIF('JAN26'!$G:$G, D62)=0, "Tidak Ada", "Ada") -> Ada
A63: ST | B63: NO | C63: 5 | D63: PMK2412001 | E63: 0 | F63: 0 | G63: 0 | H63: =((YEAR(TODAY())-YEAR(M63))*12+MONTH(TODAY())-MONTH(M63))/12 -> 1.4166667 | I63: 0087042531 | J63: Kiki Hadisurya | L63: Sales Electric Staff Karawang | M63: 45649 | N63: Kristen | O63: 33135 | Q63: =IF(COUNTIF('JAN26'!$G:$G, D63)=0, "Tidak Ada", "Ada") -> Ada
A64: ST | B64: NO | C64: 6 | D64: PMD2508008 | E64: 0 | F64: 0 | G64: 0 | H64: =((YEAR(TODAY())-YEAR(M64))*12+MONTH(TODAY())-MONTH(M64))/12 -> 0.75 | I64: 5745718288 | J64: Ahmad Sanusi | K64: 46150 | L64: Sales Paint Staff Karawang | M64: 45894 | N64: Islam | O64: 32300 | Q64: =IF(COUNTIF('JAN26'!$G:$G, D64)=0, "Tidak Ada", "Ada") -> Ada
A65: ST | B65: NO | C65: 1 | D65: PMC2204005 | E65: 0 | F65: 0 | G65: 0 | H65: =((YEAR(TODAY())-YEAR(M65))*12+MONTH(TODAY())-MONTH(M65))/12 -> 4.0833333 | I65: 8180379941 | J65: Ismanto | L65: Sales Electric, Pipamas, Pipe & Pump Supervisor Cirebon | M65: 44669 | N65: Islam | O65: 28678 | Q65: =IF(COUNTIF('JAN26'!$G:$G, D65)=0, "Tidak Ada", "Ada") -> Ada
A66: ST | B66: NO | C66: 2 | D66: PMC2112006 | E66: 0 | F66: 0 | G66: 0 | H66: =((YEAR(TODAY())-YEAR(M66))*12+MONTH(TODAY())-MONTH(M66))/12 -> 4.4166667 | I66: 8180224085 | J66: Fanji Berliandy Azhari Ridzki | L66: Sales Electric Staff Cirebon | M66: 44536 | N66: Islam | O66: 35737 | Q66: =IF(COUNTIF('JAN26'!$G:$G, D66)=0, "Tidak Ada", "Ada") -> Ada
A67: ST | B67: NO | C67: 3 | D67: PMC2203003 | E67: 0 | F67: 0 | G67: 0 | H67: =((YEAR(TODAY())-YEAR(M67))*12+MONTH(TODAY())-MONTH(M67))/12 -> 4.1666667 | I67: 8180374729 | J67: Moch Apip | L67: Coordinator Sales Electric Cirebon | M67: 44645 | N67: Islam | O67: 33527 | Q67: =IF(COUNTIF('JAN26'!$G:$G, D67)=0, "Tidak Ada", "Ada") -> Ada
A68: ST | B68: NO | C68: 4 | D68: PMC2301001 | E68: 0 | F68: 1 | G68: 0 | H68: =((YEAR(TODAY())-YEAR(M68))*12+MONTH(TODAY())-MONTH(M68))/12 -> 3.3333333 | I68: 1342293292 | J68: Nurfadilah | L68: Sales Electric Staff Cirebon | M68: 44951 | N68: Islam | O68: 34993 | Q68: =IF(COUNTIF('JAN26'!$G:$G, D68)=0, "Tidak Ada", "Ada") -> Ada
A69: ST | B69: NO | C69: 5 | D69: PMC2407004 | E69: 0 | F69: 0 | G69: 0 | H69: =((YEAR(TODAY())-YEAR(M69))*12+MONTH(TODAY())-MONTH(M69))/12 -> 1.8333333 | I69: 8180505475 | J69: Fidyah Faroid | L69: Sales Electric Staff Cirebon | M69: 45502 | N69: Islam | O69: 36048 | Q69: =IF(COUNTIF('JAN26'!$G:$G, D69)=0, "Tidak Ada", "Ada") -> Ada
A70: ST | B70: NO | C70: 6 | D70: PMC2412003 | E70: 0 | F70: 0 | G70: 0 | H70: =((YEAR(TODAY())-YEAR(M70))*12+MONTH(TODAY())-MONTH(M70))/12 -> 1.4166667 | I70: 2991983084 | J70: Ipan Wiguna | L70: Sales Electric Staff Cirebon | M70: 45643 | N70: Islam | O70: 35318 | Q70: =IF(COUNTIF('JAN26'!$G:$G, D70)=0, "Tidak Ada", "Ada") -> Ada
A71: ST | B71: NO | C71: 7 | D71: PMC2502002 | E71: 0 | F71: 1 | G71: 0 | H71: =((YEAR(TODAY())-YEAR(M71))*12+MONTH(TODAY())-MONTH(M71))/12 -> 1.25 | I71: 1342833637 | J71: Eko Yoga Prawira | L71: Sales Electric Staff Cirebon | M71: 45708 | N71: Islam | O71: 33310 | Q71: =IF(COUNTIF('JAN26'!$G:$G, D71)=0, "Tidak Ada", "Ada") -> Ada
A72: ST | B72: NO | C72: 8 | D72: PMC2507002 | E72: 0 | F72: 0 | G72: 0 | H72: =((YEAR(TODAY())-YEAR(M72))*12+MONTH(TODAY())-MONTH(M72))/12 -> 0.83333333 | I72: 373802651 | J72: Ade Trihandoyo | L72: Sales Electric Staff Cirebon | M72: 45845 | N72: Islam | O72: 33109 | Q72: =IF(COUNTIF('JAN26'!$G:$G, D72)=0, "Tidak Ada", "Ada") -> Ada
A73: ST | B73: NO | C73: 1 | D73: PMC2007006 | E73: 0 | F73: 0 | G73: 0 | H73: =((YEAR(TODAY())-YEAR(M73))*12+MONTH(TODAY())-MONTH(M73))/12 -> 5.8333333 | I73: 4380053131 | J73: Rastha Kawistara | L73: Coordinator Sales Pipamas Cirebon | M73: 44034 | N73: Islam | O73: 32802 | Q73: =IF(COUNTIF('JAN26'!$G:$G, D73)=0, "Tidak Ada", "Ada") -> Ada
A74: ST | B74: NO | C74: 2 | D74: PMC2506002 | E74: 0 | F74: 0 | G74: 0 | H74: =((YEAR(TODAY())-YEAR(M74))*12+MONTH(TODAY())-MONTH(M74))/12 -> 0.91666667 | I74: 1342304294 | J74: Hernado | L74: Sales Pipamas Staff Cirebon | M74: 45824 | N74: Islam | O74: 34617 | Q74: =IF(COUNTIF('JAN26'!$G:$G, D74)=0, "Tidak Ada", "Ada") -> Ada
A75: ST | B75: NO | C75: 3 | D75: PMC2507001 | E75: 0 | F75: 0 | G75: 0 | H75: =((YEAR(TODAY())-YEAR(M75))*12+MONTH(TODAY())-MONTH(M75))/12 -> 0.83333333 | I75: 8180252151 | J75: Budi Handoko | L75: Sales Pipamas Staff Cirebon | M75: 45841 | N75: Islam | O75: 27769 | Q75: =IF(COUNTIF('JAN26'!$G:$G, D75)=0, "Tidak Ada", "Ada") -> Ada
A76: ST | B76: NO | C76: 4 | D76: PMC2508001 | E76: 0 | F76: 0 | G76: 0 | H76: =((YEAR(TODAY())-YEAR(M76))*12+MONTH(TODAY())-MONTH(M76))/12 -> 0.75 | I76: 8180322745 | J76: Mochamad Triana | L76: Sales Pipamas Staff Cirebon | M76: 45873 | N76: Islam | O76: 31112 | Q76: =IF(COUNTIF('JAN26'!$G:$G, D76)=0, "Tidak Ada", "Ada") -> Tidak Ada
A77: ST | B77: NO | C77: 1 | D77: PMC2209001 | E77: 0 | F77: 0 | G77: 0 | H77: =((YEAR(TODAY())-YEAR(M77))*12+MONTH(TODAY())-MONTH(M77))/12 -> 3.6666667 | I77: 3740904263 | J77: Aldy Sulistio | L77: Coordinator Sales Pipe & Pump Cirebon | M77: 44816 | N77: Islam | O77: 35010 | Q77: =IF(COUNTIF('JAN26'!$G:$G, D77)=0, "Tidak Ada", "Ada") -> Ada
A78: ST | B78: NO | C78: 2 | D78: PMC2405001 | E78: 0 | F78: 0 | G78: 0 | H78: =((YEAR(TODAY())-YEAR(M78))*12+MONTH(TODAY())-MONTH(M78))/12 -> 2 | I78: 3741559241 | J78: Abdurokhim | L78: Sales Pipe & Pump Staff Cirebon | M78: 45418 | N78: Islam | O78: 31779 | Q78: =IF(COUNTIF('JAN26'!$G:$G, D78)=0, "Tidak Ada", "Ada") -> Ada
A79: ST | B79: NO | C79: 3 | D79: PMC2407003 | E79: 0 | F79: 0 | G79: 0 | H79: =((YEAR(TODAY())-YEAR(M79))*12+MONTH(TODAY())-MONTH(M79))/12 -> 1.8333333 | I79: 1341470272 | J79: Rahman Adi Kusuma | L79: Sales Pipe & Pump Staff Cirebon | M79: 45502 | N79: Islam | O79: 34415 | Q79: =IF(COUNTIF('JAN26'!$G:$G, D79)=0, "Tidak Ada", "Ada") -> Ada
A80: ST | B80: NO | C80: 4 | D80: PMC2408001 | E80: 0 | F80: 0 | G80: 0 | H80: =((YEAR(TODAY())-YEAR(M80))*12+MONTH(TODAY())-MONTH(M80))/12 -> 1.75 | I80: 1342870354 | J80: Deni Junaeni Adriyadi | L80: Sales Pipe & Pump Staff Cirebon | M80: 45509 | N80: Islam | O80: 30540 | Q80: =IF(COUNTIF('JAN26'!$G:$G, D80)=0, "Tidak Ada", "Ada") -> Ada
A81: ST | B81: NO | C81: 5 | D81: PMC2306001 | E81: 0 | F81: 0 | G81: 0 | H81: =((YEAR(TODAY())-YEAR(M81))*12+MONTH(TODAY())-MONTH(M81))/12 -> 2.9166667 | I81: 1341798898 | J81: Imam Santoso | L81: Sales Pipe & Pump Staff Cirebon | M81: 45079 | N81: Islam | O81: 34634 | Q81: =IF(COUNTIF('JAN26'!$G:$G, D81)=0, "Tidak Ada", "Ada") -> Ada
A82: ST | B82: NO | C82: 6 | D82: PMC2405002 | E82: 0 | F82: 0 | G82: 0 | H82: =((YEAR(TODAY())-YEAR(M82))*12+MONTH(TODAY())-MONTH(M82))/12 -> 2 | I82: 3741569866 | J82: Rohmanudin | L82: Sales Pipe & Pump Staff Cirebon | M82: 45419 | N82: Islam | O82: 30963 | Q82: =IF(COUNTIF('JAN26'!$G:$G, D82)=0, "Tidak Ada", "Ada") -> Ada
A83: ST | B83: NO | C83: 7 | D83: PMC2204004 | E83: 0 | F83: 0 | G83: 0 | H83: =((YEAR(TODAY())-YEAR(M83))*12+MONTH(TODAY())-MONTH(M83))/12 -> 4.0833333 | I83: 8180355414 | J83: Willyanto | L83: Sales Pipe & Pump Staff Cirebon | M83: 44655 | N83: Islam | O83: 35632 | Q83: =IF(COUNTIF('JAN26'!$G:$G, D83)=0, "Tidak Ada", "Ada") -> Ada
A84: ST | B84: NO | C84: 1 | D84: PMT2010001 | E84: 0 | F84: 0 | G84: 0 | H84: =((YEAR(TODAY())-YEAR(M84))*12+MONTH(TODAY())-MONTH(M84))/12 -> 5.5833333 | I84: 0541428037 | J84: Rudi Ruswandi | K84: 46055 | L84: Sales Pipamas Staff Tasikmalaya | M84: 44106 | N84: Islam | O84: 31104 | P84: HOLD | Q84: =IF(COUNTIF('JAN26'!$G:$G, D84)=0, "Tidak Ada", "Ada") -> Ada
A85: ST | B85: NO | C85: 2 | D85: PMT2209001 | E85: 0 | F85: 0 | G85: 0 | H85: =((YEAR(TODAY())-YEAR(M85))*12+MONTH(TODAY())-MONTH(M85))/12 -> 3.6666667 | I85: 0541950825 | J85: Ar Ar Satia Rahmat | L85: Sales Pipamas Coordinator Tasikmalaya | M85: 44816 | N85: Islam | O85: 30884 | Q85: =IF(COUNTIF('JAN26'!$G:$G, D85)=0, "Tidak Ada", "Ada") -> Ada
A86: ST | B86: NO | C86: 3 | D86: PMT2209002 | E86: 0 | F86: 0 | G86: 0 | H86: =((YEAR(TODAY())-YEAR(M86))*12+MONTH(TODAY())-MONTH(M86))/12 -> 3.5833333 | I86: 2030529947 | J86: Dudi Sidik Permana | L86: Sales Pipamas Staff Tasikmalaya | M86: 44835 | N86: Islam | O86: 34715 | Q86: =IF(COUNTIF('JAN26'!$G:$G, D86)=0, "Tidak Ada", "Ada") -> Ada
A87: ST | B87: NO | C87: 4 | D87: PMT2505001 | E87: 0 | F87: 0 | G87: 0 | H87: =((YEAR(TODAY())-YEAR(M87))*12+MONTH(TODAY())-MONTH(M87))/12 -> 1 | I87: 2080770807 | J87: Eri Aprilian Rusliana | K87: 46083 | L87: Sales Pipamas Staff Tasikmalaya | M87: 45803 | N87: Islam | O87: 34084 | P87: HOLD | Q87: =IF(COUNTIF('JAN26'!$G:$G, D87)=0, "Tidak Ada", "Ada") -> Ada
A88: ST | B88: NO | C88: 1 | D88: PMT1910005 | E88: 0 | F88: 0 | G88: 0 | H88: =((YEAR(TODAY())-YEAR(M88))*12+MONTH(TODAY())-MONTH(M88))/12 -> 6.5833333 | I88: 0540741735 | J88: Rikza Maulana | L88: Sales Coordinator Electric Division Tasikmalaya | M88: 43740 | N88: Islam | O88: 30524 | Q88: =IF(COUNTIF('JAN26'!$G:$G, D88)=0, "Tidak Ada", "Ada") -> Ada
A89: ST | B89: NO | C89: 2 | D89: PMT2206001 | E89: 0 | F89: 0 | G89: 0 | H89: =((YEAR(TODAY())-YEAR(M89))*12+MONTH(TODAY())-MONTH(M89))/12 -> 3.9166667 | I89: 3210914411 | J89: Dhia Ul Iman | L89: Sales Electric Staff Tasikmalaya | M89: 44734 | N89: Islam | O89: 33922 | Q89: =IF(COUNTIF('JAN26'!$G:$G, D89)=0, "Tidak Ada", "Ada") -> Ada
A90: ST | B90: NO | C90: 3 | D90: PMT2406003 | E90: 0 | F90: 0 | G90: 0 | H90: =((YEAR(TODAY())-YEAR(M90))*12+MONTH(TODAY())-MONTH(M90))/12 -> 1.9166667 | I90: 3211177428 | J90: Firmansyah | L90: Sales Electric Staff Tasikmalaya | M90: 45468 | N90: Islam | O90: 32215 | Q90: =IF(COUNTIF('JAN26'!$G:$G, D90)=0, "Tidak Ada", "Ada") -> Ada
A91: ST | B91: NO | C91: 4 | D91: PMT2409001 | E91: 0 | F91: 0 | G91: 0 | H91: =((YEAR(TODAY())-YEAR(M91))*12+MONTH(TODAY())-MONTH(M91))/12 -> 1.6666667 | I91: 541384501 | J91: Veby Rizky Fauzi | L91: Sales Electric Staff Tasikmalaya | M91: 45558 | N91: Islam | O91: 33716 | Q91: =IF(COUNTIF('JAN26'!$G:$G, D91)=0, "Tidak Ada", "Ada") -> Ada
A92: ST | B92: NO | C92: 5 | D92: PMT2501001 | E92: 0 | F92: 0 | G92: 0 | H92: =((YEAR(TODAY())-YEAR(M92))*12+MONTH(TODAY())-MONTH(M92))/12 -> 1.3333333 | I92: 3210680810 | J92: Jejen Al Kohiri | L92: Sales Electric Staff Tasikmalaya | M92: 45679 | N92: Islam | O92: 34061 | Q92: =IF(COUNTIF('JAN26'!$G:$G, D92)=0, "Tidak Ada", "Ada") -> Ada
A93: ST | B93: NO | C93: 6 | D93: PMT2506001 | E93: 0 | F93: 0 | G93: 0 | H93: =((YEAR(TODAY())-YEAR(M93))*12+MONTH(TODAY())-MONTH(M93))/12 -> 0.91666667 | I93: 3211265807 | J93: Dian Haerandi | L93: Sales Electric Staff Tasikmalaya | M93: 45820 | N93: Islam | O93: 32711 | Q93: =IF(COUNTIF('JAN26'!$G:$G, D93)=0, "Tidak Ada", "Ada") -> Ada
A94: ST | B94: NO | C94: 1 | D94: PMT1907023 | E94: 0 | F94: 0 | G94: 0 | H94: =((YEAR(TODAY())-YEAR(M94))*12+MONTH(TODAY())-MONTH(M94))/12 -> 6.8333333 | I94: 0540714282 | J94: Asep Mamat Harisudin | L94: Coordinator Sales Pipe & Pump Tasikmalaya | M94: 43675 | N94: Islam | O94: 29170 | Q94: =IF(COUNTIF('JAN26'!$G:$G, D94)=0, "Tidak Ada", "Ada") -> Ada
A95: ST | B95: NO | C95: 2 | D95: PMT2506003 | E95: 0 | F95: 0 | G95: 0 | H95: =((YEAR(TODAY())-YEAR(M95))*12+MONTH(TODAY())-MONTH(M95))/12 -> 0.91666667 | I95: 0542132653 | J95: Asep Rachmat Sapaat | L95: Sales Pipe & Pump Staff Tasikmalaya | M95: 45824 | N95: Islam | O95: 31302 | Q95: =IF(COUNTIF('JAN26'!$G:$G, D95)=0, "Tidak Ada", "Ada") -> Ada
A96: ST | B96: NO | C96: 3 | D96: PMT2212001 | E96: 0 | F96: 0 | G96: 0 | H96: =((YEAR(TODAY())-YEAR(M96))*12+MONTH(TODAY())-MONTH(M96))/12 -> 3.4166667 | I96: 0542022157 | J96: Aditya Apta Tripurna | K96: 46128 | L96: Sales Pipe & Pump Staff Tasikmalaya | M96: 44907 | N96: Islam | O96: 32478 | Q96: =IF(COUNTIF('JAN26'!$G:$G, D96)=0, "Tidak Ada", "Ada") -> Ada
A97: ST | B97: NO | C97: 4 | D97: PMD2510001 | E97: 0 | F97: 0 | G97: 0 | H97: =((YEAR(TODAY())-YEAR(M97))*12+MONTH(TODAY())-MONTH(M97))/12 -> 0.58333333 | I97: 1381618345 | J97: Angga Dwitama | K97: 46118 | L97: Sales Pipe & Pump Staff Tasikmalaya | M97: 45936 | N97: Islam | O97: 33531 | Q97: =IF(COUNTIF('JAN26'!$G:$G, D97)=0, "Tidak Ada", "Ada") -> Ada
A98: ST | B98: NO | C98: 5 | D98: PMD2512010 | E98: 0 | F98: 0 | G98: 0 | H98: =((YEAR(TODAY())-YEAR(M98))*12+MONTH(TODAY())-MONTH(M98))/12 -> 0.41666667 | I98: 6235063992 | J98: Edi Rosadi | L98: Sales Pipe & Pump Staff Tasikmalaya | M98: 46015 | N98: Islam | O98: 31672 | Q98: =IF(COUNTIF('JAN26'!$G:$G, D98)=0, "Tidak Ada", "Ada") -> Ada
A99: ST | B99: NO | C99: 6 | D99: PMD2512002 | E99: 0 | F99: 0 | G99: 0 | H99: =((YEAR(TODAY())-YEAR(M99))*12+MONTH(TODAY())-MONTH(M99))/12 -> 0.41666667 | I99: 1381641738 | J99: Irfan Setiawan | L99: Sales Pipe & Pump Staff Tasikmalaya | M99: 45996 | N99: Islam | O99: 33006 | Q99: =IF(COUNTIF('JAN26'!$G:$G, D99)=0, "Tidak Ada", "Ada") -> Ada
A100: ST | B100: NO | C100: 1 | D100: PMT1910006 | E100: 0 | F100: 0 | G100: 0 | H100: =((YEAR(TODAY())-YEAR(M100))*12+MONTH(TODAY())-MONTH(M100))/12 -> 6.5833333 | I100: 2090538252 | J100: Ade Hendra | L100: Sales ICI Coordinator Tasikmalaya | M100: 43740 | N100: Islam | O100: 32176 | Q100: =IF(COUNTIF('JAN26'!$G:$G, D100)=0, "Tidak Ada", "Ada") -> Ada
...

Sheet Sheet5
A1: Data HR yang tidak ada di Data Bu Gita
A3: St | B3: FIX | C3: Nu | D3: NIK | E3: Sakit | F3: Izin | G3: Alpha | H3: Lama Kerja | I3: No AC | J3: Dept and Location | K3: Tgl Resign | L3: Posisi | M3: Tgl Masuk | N3: Agama | O3: Tgl Lahir | P3: Keterangan
A4: ST | B4: NO | C4: 1 | D4: PMD2207003 | E4: 0 | F4: 0 | G4: 0 | H4: 2.75 | I4: 1560107931 | J4: Ricki Galih Ginanjar | L4: Coordinator Sales Pipamas Division | M4: 45169 | N4: Islam | O4: 32129
A5: ST | B5: NO | C5: 7 | D5: PMD2601002 | E5: 0 | F5: 0 | G5: 0 | H5: 0.33333333 | I5: 6610706418 | J5: Fitrah Ramadhan | L5: Sales ICI Staff Bogor | M5: 46051 | N5: Islam | O5: 35117
A6: ST | B6: NO | C6: 1 | D6: PMC2204005 | E6: 0 | F6: 0 | G6: 0 | H6: 4.0833333 | I6: 8180379941 | J6: Ismanto | L6: Sales Electric, Pipamas, Pipe & Pump Supervisor Cirebon | M6: 44669 | N6: Islam | O6: 28678
A7: ST | B7: NO | C7: 3 | D7: PMC2203003 | E7: 0 | F7: 0 | G7: 0 | H7: 4.1666667 | I7: 8180374729 | J7: Moch Apip | L7: Coordinator Sales Electric Cirebon | M7: 44645 | N7: Islam | O7: 33527
A8: ST | B8: NO | C8: 1 | D8: PMC2007006 | E8: 0 | F8: 0 | G8: 0 | H8: 5.8333333 | I8: 4380053131 | J8: Rastha Kawistara | L8: Coordinator Sales Pipamas Cirebon | M8: 44034 | N8: Islam | O8: 32802
A9: ST | B9: NO | C9: 1 | D9: PMC2209001 | E9: 0 | F9: 0 | G9: 0 | H9: 3.6666667 | I9: 3740904263 | J9: Aldy Sulistio | L9: Coordinator Sales Pipe & Pump Cirebon | M9: 44816 | N9: Islam | O9: 35010
A10: ST | B10: NO | C10: 2 | D10: PMT2209001 | E10: 0 | F10: 0 | G10: 0 | H10: 3.6666667 | I10: 0541950825 | J10: Ar Ar Satia Rahmat | L10: Sales Pipamas Coordinator Tasikmalaya | M10: 44816 | N10: Islam | O10: 30884
A11: ST | B11: NO | C11: 1 | D11: PMT1910005 | E11: 0 | F11: 0 | G11: 0 | H11: 6.5833333 | I11: 0540741735 | J11: Rikza Maulana | L11: Sales Coordinator Electric Division Tasikmalaya | M11: 43740 | N11: Islam | O11: 30524
A12: ST | B12: NO | C12: 1 | D12: PMT1907023 | E12: 0 | F12: 0 | G12: 0 | H12: 6.8333333 | I12: 0540714282 | J12: Asep Mamat Harisudin | L12: Coordinator Sales Pipe & Pump Tasikmalaya | M12: 43675 | N12: Islam | O12: 29170
A13: ST | B13: NO | C13: 1 | D13: PMT1910006 | E13: 0 | F13: 0 | G13: 0 | H13: 6.5833333 | I13: 2090538252 | J13: Ade Hendra | L13: Sales ICI Coordinator Tasikmalaya | M13: 43740 | N13: Islam | O13: 32176

Sheet Sheet6
A1: Kode Sales | B1: Divisi | C1: Jabatan | D1: Column1 | E1: ket
A2: SPVPP01 | B2: PP | C2: Spv PP Bandung | D2: PA MARTIN
A3: SPVEL01 | B3: EL | C3: Spv EL Bandung | D3: PA MARTIN
A4: PPCOS01 | B4: PP | C4: Cosales PP Bandung | D4: GERY ISKANDAR
A5: PISPV01 | B5: PI | C5: Spv PI Bandung | D5: KOSONG
A6: PICOS08 | B6: PI | C6: Cosales PI Bogor | D6: KOSONG
A7: ICSLM08 | B7: ICI | C7: Spv IC Bandung | D7: PAK ARMANDO
A8: ICCOS08 | B8: ICI | C8: Cosales IC Bogor | D8: PAK RAMLI | E8: Februari ganti kode jadi ICCOS08
A9: ELSPV08 | B9: EL | C9: Spv EL Bogor | D9: NANDA AMELIA

Sheet JAN26
A1: Branch | B1: Divisi | C1: Kode Sales | D1: Januari | E1: Masuk | F1: Keluar | G1: NIK | H1: No Rek | I1: Data HR | J1: Status
A2: Bandung | B2: Elektrik | C2: ELMOD01 | D2: Ridwan Fauzan Firdaus | E2: 44588 | G2: PMD2201011 | H2: 4371314568 | I2: =IFERROR(VLOOKUP(G2,'20an'!$D:$J,7,0), "Sales tidak ada di data HR") -> Ridwan Fauzan Firdaus | J2: =I2='JAN26'!$D2 -> TRUE
A3: Bandung | B3: Elektrik | C3: ELMOD02 | D3: Nur Ali | E3: 44706 | G3: PMD2205006 | H3: 8100893330 | I3: =IFERROR(VLOOKUP(G3,'20an'!$D:$J,7,0), "Sales tidak ada di data HR") -> Nur Ali | J3: =I3='JAN26'!$D3 -> TRUE | L3: ICSLM08
A4: Bandung | B4: Elektrik | C4: ELSLE01 | D4: RENALDI AGUSTIANA YUSUF | E4: 46006 | G4: PMD2512008 | H4: 3741721129 | I4: =IFERROR(VLOOKUP(G4,'20an'!$D:$J,7,0), "Sales tidak ada di data HR") -> Renaldi Agustiana Yusuf | J4: =I4='JAN26'!$D4 -> TRUE | L4: PISPV01
A5: Bandung | B5: Elektrik | C5: ELSLE02 | D5: Syamsul Palah | E5: 45533 | G5: PMD2408006 | H5: 7940315390 | I5: =IFERROR(VLOOKUP(G5,'20an'!$D:$J,7,0), "Sales tidak ada di data HR") -> Syamsul Palah | J5: =I5='JAN26'!$D5 -> TRUE | L5: SPVEL01
A6: Bandung | B6: Elektrik | C6: ELSLE03 | D6: Ghisan Al Azhali | E6: 45628 | G6: PMD2412001 | H6: 7495077144 | I6: =IFERROR(VLOOKUP(G6,'20an'!$D:$J,7,0), "Sales tidak ada di data HR") -> Ghisan Al Azhali | J6: =I6='JAN26'!$D6 -> TRUE | L6: ICCOS08
A7: Bandung | B7: Elektrik | C7: ELSLE04 | D7: Virsqi Indra Perdana | E7: 46000 | G7: PMD2512005 | H7: 1390637132 | I7: =IFERROR(VLOOKUP(G7,'20an'!$D:$J,7,0), "Sales tidak ada di data HR") -> Virsqi Indra Perdana | J7: =I7='JAN26'!$D7 -> TRUE | L7: PICOS08
A8: Bandung | B8: Elektrik | C8: ELSLE05 | D8: Hasudungan | E8: 44704 | G8: PMD2205003 | H8: 2810384045 | I8: =IFERROR(VLOOKUP(G8,'20an'!$D:$J,7,0), "Sales tidak ada di data HR") -> Hasudungan | J8: =I8='JAN26'!$D8 -> TRUE | L8: PPCOS01
A9: Bandung | B9: Elektrik | C9: ELCOS01 | D9: ROSADI | E9: 45908 | F9: 46031 | G9: PMD2509004 | H9: 5170024461 | I9: =IFERROR(VLOOKUP(G9,'20an'!$D:$J,7,0), "Sales tidak ada di data HR") -> Sales tidak ada di data HR | J9: =I9='JAN26'!$D9 -> FALSE | L9: SPVPP01
A10: PCK | B10: Elektrik | C10: ELSLE25 | D10: Kiki Hadisurya | E10: 45649 | G10: PMK2412001 | H10: 87042531 | I10: =IFERROR(VLOOKUP(G10,'20an'!$D:$J,7,0), "Sales tidak ada di data HR") -> Kiki Hadisurya | J10: =I10='JAN26'!$D10 -> TRUE | L10: ELSPV08
A11: Cirebon | B11: Elektrik | C11: ELSLE60 | D11: Nurfadilah | E11: 44951 | G11: PMC2301001 | H11: 1342293292 | I11: =IFERROR(VLOOKUP(G11,'20an'!$D:$J,7,0), "Sales tidak ada di data HR") -> Nurfadilah | J11: =I11='JAN26'!$D11 -> TRUE
A12: Cirebon | B12: Elektrik | C12: ELSLE61 | D12: Fanji Berliandy Azhari Ridzki | E12: 44536 | G12: PMC2112006 | H12: 8180224085 | I12: =IFERROR(VLOOKUP(G12,'20an'!$D:$J,7,0), "Sales tidak ada di data HR") -> Fanji Berliandy Azhari Ridzki | J12: =I12='JAN26'!$D12 -> TRUE
A13: Cirebon | B13: Elektrik | C13: ELSLE62 | D13: Ade Trihandoyo | E13: 45845 | G13: PMC2507002 | H13: 373802651 | I13: =IFERROR(VLOOKUP(G13,'20an'!$D:$J,7,0), "Sales tidak ada di data HR") -> Ade Trihandoyo | J13: =I13='JAN26'!$D13 -> TRUE
A14: Cirebon | B14: Elektrik | C14: ELSLE63 | D14: Fidyah Faroid | E14: 45502 | G14: PMC2407004 | H14: 8180505475 | I14: =IFERROR(VLOOKUP(G14,'20an'!$D:$J,7,0), "Sales tidak ada di data HR") -> Fidyah Faroid | J14: =I14='JAN26'!$D14 -> TRUE
A15: Cirebon | B15: Elektrik | C15: ELSLE64 | D15: Eko Yoga Prawira | E15: 45708 | G15: PMC2502002 | H15: 1342833637 | I15: =IFERROR(VLOOKUP(G15,'20an'!$D:$J,7,0), "Sales tidak ada di data HR") -> Eko Yoga Prawira | J15: =I15='JAN26'!$D15 -> TRUE
A16: Cirebon | B16: Elektrik | C16: ELSLE65 | D16: Ipan Wiguna | E16: 45643 | G16: PMC2412003 | H16: 2991983084 | I16: =IFERROR(VLOOKUP(G16,'20an'!$D:$J,7,0), "Sales tidak ada di data HR") -> Ipan Wiguna | J16: =I16='JAN26'!$D16 -> TRUE
A17: Tasik | B17: Elektrik | C17: ELSLE71 | D17: Firmansyah | E17: 45468 | G17: PMT2406003 | H17: 3211177428 | I17: =IFERROR(VLOOKUP(G17,'20an'!$D:$J,7,0), "Sales tidak ada di data HR") -> Firmansyah | J17: =I17='JAN26'!$D17 -> TRUE
A18: Tasik | B18: Elektrik | C18: ELSLE72 | D18: Dhia Ul Iman | E18: 44734 | G18: PMT2206001 | H18: 3210914411 | I18: =IFERROR(VLOOKUP(G18,'20an'!$D:$J,7,0), "Sales tidak ada di data HR") -> Dhia Ul Iman | J18: =I18='JAN26'!$D18 -> TRUE
A19: Tasik | B19: Elektrik | C19: ELSLE73 | D19: Veby Rizky Fauzi | E19: 45558 | G19: PMT2409001 | H19: 541384501 | I19: =IFERROR(VLOOKUP(G19,'20an'!$D:$J,7,0), "Sales tidak ada di data HR") -> Veby Rizky Fauzi | J19: =I19='JAN26'!$D19 -> TRUE
A20: Tasik | B20: Elektrik | C20: ELSLE74 | D20: Dian Haerandi | E20: 45820 | G20: PMT2506001 | H20: 3211265807 | I20: =IFERROR(VLOOKUP(G20,'20an'!$D:$J,7,0), "Sales tidak ada di data HR") -> Dian Haerandi | J20: =I20='JAN26'!$D20 -> TRUE
A21: Tasik | B21: Elektrik | C21: ELSLE75 | D21: Jejen Al Kohiri | E21: 45679 | G21: PMT2501001 | H21: 3210680810 | I21: =IFERROR(VLOOKUP(G21,'20an'!$D:$J,7,0), "Sales tidak ada di data HR") -> Jejen Al Kohiri | J21: =I21='JAN26'!$D21 -> TRUE
A22: Bogor | B22: Elektrik | C22: ELSLE85 | D22: Syahri Rizki | E22: 45414 | G22: PMB2405003 | H22: 3720066482 | I22: =IFERROR(VLOOKUP(G22,'20an'!$D:$J,7,0), "Sales tidak ada di data HR") -> Syahri Rizki | J22: =I22='JAN26'!$D22 -> TRUE
... A34: PCK | B34: ICI | C34: ICSLM23 | D34: Bonar Jumada | E34: 43349 | G34: PMK1809003 | H34: 5770551341 | I34: =IFERROR(VLOOKUP(G34,'20an'!$D:$J,7,0), "Sales tidak ada di data HR") -> Bonar Jumada | J34: =I34='JAN26'!$D34 -> TRUE
A35: PCK | B35: ICI | C35: ICSLM28 | D35: Adhi Gustiana | E35: 43332 | G35: PMK1808008 | H35: 2310272283 | I35: =IFERROR(VLOOKUP(G35,'20an'!$D:$J,7,0), "Sales tidak ada di data HR") -> Sales tidak ada di data HR | J35: =I35='JAN26'!$D35 -> FALSE | K35: Aktif
A36: Tasik | B36: ICI | C36: ICSLM71 | D36: Faizal Abdul Jabbar | E36: 44533 | G36: PMT2112005 | H36: 3210847285 | I36: =IFERROR(VLOOKUP(G36,'20an'!$D:$J,7,0), "Sales tidak ada di data HR") -> Faizal Abdul Jabbar | J36: =I36='JAN26'!$D36 -> TRUE
A37: Tasik | B37: ICI | C37: ICSLM72 | D37: Septian Hermansyah | E37: 44781 | G37: PMT2208001 | H37: 3210939872 | I37: =IFERROR(VLOOKUP(G37,'20an'!$D:$J,7,0), "Sales tidak ada di data HR") -> Septian Hermansyah | J37: =I37='JAN26'!$D37 -> TRUE
A38: Tasik | B38: ICI | C38: ICSLM73 | D38: Nandang Tata Yusmana | E38: 45824 | G38: PMT2506002 | H38: 541621678 | I38: =IFERROR(VLOOKUP(G38,'20an'!$D:$J,7,0), "Sales tidak ada di data HR") -> Nandang Tata Yusmana | J38: =I38='JAN26'!$D38 -> TRUE
A39: Bogor | B39: ICI | C39: ICSLM80 | D39: Ramli Nasution | E39: 45817 | G39: PMB2506001 | H39: 7380496873 | I39: =IFERROR(VLOOKUP(G39,'20an'!$D:$J,7,0), "Sales tidak ada di data HR") -> Ramli Nasution | J39: =I39='JAN26'!$D39 -> TRUE
A40: Bogor | B40: ICI | C40: ICSLM81 | D40: Asep Permana Noor | E40: 45426 | G40: PMB2405006 | H40: 953412346 | I40: =IFERROR(VLOOKUP(G40,'20an'!$D:$J,7,0), "Sales tidak ada di data HR") -> Asep Permana Noor | J40: =I40='JAN26'!$D40 -> TRUE
A41: Bogor | B41: ICI | C41: ICSLM82 | D41: Fajar Nugraha | E41: 45616 | G41: PMB2411002 | H41: 1672882235 | I41: =IFERROR(VLOOKUP(G41,'20an'!$D:$J,7,0), "Sales tidak ada di data HR") -> Fajar Nugraha | J41: =I41='JAN26'!$D41 -> TRUE
A42: Bogor | B42: ICI | C42: ICSLM83 | D42: Zaenudin | E42: 44341 | G42: PMB2105004 | H42: 8720710197 | I42: =IFERROR(VLOOKUP(G42,'20an'!$D:$J,7,0), "Sales tidak ada di data HR") -> Zaenudin | J42: =I42='JAN26'!$D42 -> TRUE
A43: Bogor | B43: ICI | C43: ICSLM84 | D43: Lucky Gema Christyan Syah | E43: 43731 | G43: PMB1909012 | H43: 3370017751 | I43: =IFERROR(VLOOKUP(G43,'20an'!$D:$J,7,0), "Sales tidak ada di data HR") -> Lucky Gema Christyan Syah | J43: =I43='JAN26'!$D43 -> TRUE
A44: Bogor | B44: ICI | C44: ICSLM85 | D44: Andri Prayitno | E44: 45530 | F44: 46027 | G44: PMB2408001 | H44: 8720384575 | I44: =IFERROR(VLOOKUP(G44,'20an'!$D:$J,7,0), "Sales tidak ada di data HR") -> Sales tidak ada di data HR | J44: =I44='JAN26'!$D44 -> FALSE
A45: Bandung | B45: Pipamas | C45: PISLP01 | D45: ASEP SOPIYAN | E45: 45896 | G45: PMD2508010 | H45: 3790592777 | I45: =IFERROR(VLOOKUP(G45,'20an'!$D:$J,7,0), "Sales tidak ada di data HR") -> Asep Sopiyan | J45: =I45='JAN26'!$D45 -> TRUE
A46: Bandung | B46: Pipamas | C46: PISLP02 | D46: Hari Wiharyana | E46: 45904 | G46: PMD2509003 | H46: 2800939910 | I46: =IFERROR(VLOOKUP(G46,'20an'!$D:$J,7,0), "Sales tidak ada di data HR") -> Hari Wiharyana | J46: =I46='JAN26'!$D46 -> TRUE
A47: Bandung | B47: Pipamas | C47: PISLP03 | D47: Vacant | E47: 0-Jan-1900 | G47: 0 | H47: 0 | I47: =IFERROR(VLOOKUP(G47,'20an'!$D:$J,7,0), "Sales tidak ada di data HR") -> Sales tidak ada di data HR | J47: =I47='JAN26'!$D47 -> FALSE
A48: Bandung | B48: Pipamas | C48: PISLP04 | D48: Gugun Hanafi | E48: 45727 | G48: PMD2503004 | H48: 1560108695 | I48: =IFERROR(VLOOKUP(G48,'20an'!$D:$J,7,0), "Sales tidak ada di data HR") -> Gugun Hanafi | J48: =I48='JAN26'!$D48 -> TRUE
A49: Bandung | B49: Pipamas | C49: PISLP05 | D49: Vacant | E49: 0-Jan-1900 | G49: 0 | H49: 0 | I49: =IFERROR(VLOOKUP(G49,'20an'!$D:$J,7,0), "Sales tidak ada di data HR") -> Sales tidak ada di data HR | J49: =I49='JAN26'!$D49 -> FALSE
A50: Bandung | B50: Pipamas | C50: PISLP06 | D50: Aditya Muhammad Ramdhan | E50: 45727 | G50: PMD2503003 | H50: 7750965185 | I50: =IFERROR(VLOOKUP(G50,'20an'!$D:$J,7,0), "Sales tidak ada di data HR") -> Aditya Muhammad Ramdhan | J50: =I50='JAN26'!$D50 -> TRUE
A51: Bandung | B51: Pipamas | C51: PISLP07 | D51: Bagus Gumilar | E51: 44858 | G51: PMD2210008 | H51: 83879235 | I51: =IFERROR(VLOOKUP(G51,'20an'!$D:$J,7,0), "Sales tidak ada di data HR") -> Bagus Gumilar | J51: =I51='JAN26'!$D51 -> TRUE
A52: Bandung | B52: Pipamas | C52: PISLP08 | D52: Muhammad Riki Safari | E52: 45792 | G52: PMD2109007 | H52: 2831290783 | I52: =IFERROR(VLOOKUP(G52,'20an'!$D:$J,7,0), "Sales tidak ada di data HR") -> Muhammad Riki Safari | J52: =I52='JAN26'!$D52 -> TRUE
A53: Bandung | B53: Pipamas | C53: PISLP09 | D53: IKHSAN MAULANA YUSUF | E53: 45887 | G53: PMD2508004 | H53: 8320689768 | I53: =IFERROR(VLOOKUP(G53,'20an'!$D:$J,7,0), "Sales tidak ada di data HR") -> Ikhsan Maulana Yusuf | J53: =I53='JAN26'!$D53 -> TRUE
A54: Bandung | B54: Pipamas | C54: PISLP10 | D54: Anre Ikhsan Rosyadi | E54: 45792 | G54: PMD2505002 | H54: 4310478577 | I54: =IFERROR(VLOOKUP(G54,'20an'!$D:$J,7,0), "Sales tidak ada di data HR") -> Anre Ikhsan Rosyadi | J54: =I54='JAN26'!$D54 -> TRUE
A55: Bandung | B55: Pipamas | C55: PISLP11 | D55: Rizal Zaelani | E55: 45996 | G55: PMD2512003 | H55: 4461503378 | I55: =IFERROR(VLOOKUP(G55,'20an'!$D:$J,7,0), "Sales tidak ada di data HR") -> Sales tidak ada di data HR | J55: =I55='JAN26'!$D55 -> FALSE | K55: Aktif
A56: Bandung | B56: Pipamas | C56: PICOS21 | D56: BILLY SUGIARTO | E56: 46000 | G56: PMD2512006 | H56: 8090609018 | I56: =IFERROR(VLOOKUP(G56,'20an'!$D:$J,7,0), "Sales tidak ada di data HR") -> Billy Sugiarto | J56: =I56='JAN26'!$D56 -> TRUE
A57: PCK | B57: Pipamas | C57: PISLP26 | D57: Afif Mustafa | E57: 45104 | G57: PMK2306002 | H57: 662788285 | I57: =IFERROR(VLOOKUP(G57,'20an'!$D:$J,7,0), "Sales tidak ada di data HR") -> Afif Mustafa | J57: =I57='JAN26'!$D57 -> TRUE
A58: Cirebon | B58: Pipamas | C58: PISLP60 | D58: Budi Handoko | E58: 45841 | G58: PMC2507001 | H58: 8180252151 | I58: =IFERROR(VLOOKUP(G58,'20an'!$D:$J,7,0), "Sales tidak ada di data HR") -> Budi Handoko | J58: =I58='JAN26'!$D58 -> TRUE
A59: Cirebon | B59: Pipamas | C59: PISLP61 | D59: Hernado | E59: 45824 | G59: PMC2506002 | H59: 1342304294 | I59: =IFERROR(VLOOKUP(G59,'20an'!$D:$J,7,0), "Sales tidak ada di data HR") -> Hernado | J59: =I59='JAN26'!$D59 -> TRUE
A60: Cirebon | B60: Pipamas | C60: PISLP62 | D60: Mochamad Triana | E60: 45873 | G60: PMC 2508001 | H60: 8180322745 | I60: =IFERROR(VLOOKUP(G60,'20an'!$D:$J,7,0), "Sales tidak ada di data HR") -> Sales tidak ada di data HR | J60: =I60='JAN26'!$D60 -> FALSE | K60: Aktif
A61: Tasik | B61: Pipamas | C61: PISLP71 | D61: Dudi Sidik Permana | E61: 44835 | G61: PMT2209002 | H61: 2030529947 | I61: =IFERROR(VLOOKUP(G61,'20an'!$D:$J,7,0), "Sales tidak ada di data HR") -> Dudi Sidik Permana | J61: =I61='JAN26'!$D61 -> TRUE
A62: Tasik | B62: Pipamas | C62: PISLP72 | D62: Rudi Ruswandi | E62: 44106 | G62: PMT2010001 | H62: 541428037 | I62: =IFERROR(VLOOKUP(G62,'20an'!$D:$J,7,0), "Sales tidak ada di data HR") -> Rudi Ruswandi | J62: =I62='JAN26'!$D62 -> TRUE
A63: Tasik | B63: Pipamas | C63: PISLP73 | D63: Eri Aprilian Rusliana | E63: 45803 | G63: PMT2505001 | H63: 2080770807 | I63: =IFERROR(VLOOKUP(G63,'20an'!$D:$J,7,0), "Sales tidak ada di data HR") -> Eri Aprilian Rusliana | J63: =I63='JAN26'!$D63 -> TRUE
A64: Tasik | B64: Pipamas | C64: PISLP74 | D64: Dian Nursamsi | E64: 44771 | F64: 46038 | G64: PMT2207002 | H64: 2090798238 | I64: =IFERROR(VLOOKUP(G64,'20an'!$D:$J,7,0), "Sales tidak ada di data HR") -> Sales tidak ada di data HR | J64: =I64='JAN26'!$D64 -> FALSE
A65: Tasik | B65: Pipamas | C65: PISLP75 | D65: Vacant | E65: 0-Jan-1900 | G65: 0 | H65: 0 | I65: =IFERROR(VLOOKUP(G65,'20an'!$D:$J,7,0), "Sales tidak ada di data HR") -> Sales tidak ada di data HR | J65: =I65='JAN26'!$D65 -> FALSE
A66: Bogor | B66: Pipamas | C66: PISLP81 | D66: Lili Murtado | E66: 44496 | G66: PMB2110006 | H66: 8691144780 | I66: =IFERROR(VLOOKUP(G66,'20an'!$D:$J,7,0), "Sales tidak ada di data HR") -> Lili Murtado | J66: =I66='JAN26'!$D66 -> TRUE
A67: Bogor | B67: Pipamas | C67: PISLP82 | D67: Mulyadi | E67: kosong | I67: =IFERROR(VLOOKUP(G67,'20an'!$D:$J,7,0), "Sales tidak ada di data HR") -> Sales tidak ada di data HR | J67: =I67='JAN26'!$D67 -> FALSE | K67: Aktif
A68: Bogor | B68: Pipamas | C68: PISLP83 | D68: Febiansyah | E68: 44903 | G68: PMB2212003 | H68: 5470418682 | I68: =IFERROR(VLOOKUP(G68,'20an'!$D:$J,7,0), "Sales tidak ada di data HR") -> Febiansyah | J68: =I68='JAN26'!$D68 -> TRUE
A69: Bogor | B69: Pipamas | C69: PISLP84 | D69: Artanto | E69: 45944 | G69: PMD2510002 | H69: 953302303 | I69: =IFERROR(VLOOKUP(G69,'20an'!$D:$J,7,0), "Sales tidak ada di data HR") -> Artanto | J69: =I69='JAN26'!$D69 -> TRUE
A70: Bogor | B70: Pipamas | C70: PISLP85 | D70: Vacant | E70: 0-Jan-1900 | G70: 0 | H70: 0 | I70: =IFERROR(VLOOKUP(G70,'20an'!$D:$J,7,0), "Sales tidak ada di data HR") -> Sales tidak ada di data HR | J70: =I70='JAN26'!$D70 -> FALSE
A71: Bandung | B71: Pipa Pompa | C71: PPSLM01 | D71: Agus Gunawan | E71: 45334 | G71: PMD2402001 | H71: 8103039361 | I71: =IFERROR(VLOOKUP(G71,'20an'!$D:$J,7,0), "Sales tidak ada di data HR") -> Agus Gunawan | J71: =I71='JAN26'!$D71 -> TRUE
A72: Bandung | B72: Pipa Pompa | C72: PPSLM02 | D72: TEGOEH PRAMONO | E72: 45978 | G72: PMD2511002 | H72: 2831900280 | I72: =IFERROR(VLOOKUP(G72,'20an'!$D:$J,7,0), "Sales tidak ada di data HR") -> Tegoeh Pramono | J72: =I72='JAN26'!$D72 -> TRUE
A73: Bandung | B73: Pipa Pompa | C73: PPSLM03 | D73: PELSA CHRISTIAN | E73: 45999 | F73: 46031 | G73: PMD2512004 | H73: 7771774958 | I73: =IFERROR(VLOOKUP(G73,'20an'!$D:$J,7,0), "Sales tidak ada di data HR") -> Sales tidak ada di data HR | J73: =I73='JAN26'!$D73 -> FALSE
A74: Bandung | B74: Pipa Pompa | C74: PPSLM04 | D74: Andre Setiawan | E74: 45481 | G74: PMD2407002 | H74: 1760287934 | I74: =IFERROR(VLOOKUP(G74,'20an'!$D:$J,7,0), "Sales tidak ada di data HR") -> Andre Setiawan | J74: =I74='JAN26'!$D74 -> TRUE
A75: Bandung | B75: Pipa Pompa | C75: PPSLM05 | D75: Yus Yusuf Angga Setiabudi | E75: 45894 | G75: PMD2107003 | H75: 2830811802 | I75: =IFERROR(VLOOKUP(G75,'20an'!$D:$J,7,0), "Sales tidak ada di data HR") -> Yus Yusuf Angga Setiabudi | J75: =I75='JAN26'!$D75 -> TRUE
A76: Bandung | B76: Pipa Pompa | C76: PPSLM06 | D76: Erlan Sopiana | E76: 45713 | G76: PMD2502005 | H76: 2801445111 | I76: =IFERROR(VLOOKUP(G76,'20an'!$D:$J,7,0), "Sales tidak ada di data HR") -> Erlan Sopiana | J76: =I76='JAN26'!$D76 -> TRUE
A77: Bandung | B77: Pipa Pompa | C77: PPSLM07 | D77: LEO FERDIANSYAH | E77: 45979 | G77: PMD2511004 | H77: 1392396947 | I77: =IFERROR(VLOOKUP(G77,'20an'!$D:$J,7,0), "Sales tidak ada di data HR") -> Leo Ferdiansyah | J77: =I77='JAN26'!$D77 -> TRUE
A78: Bandung | B78: Pipa Pompa | C78: PPSLM08 | D78: Hendikus Waruwu | E78: 45838 | G78: PMD2506001 | H78: 8106058160 | I78: =IFERROR(VLOOKUP(G78,'20an'!$D:$J,7,0), "Sales tidak ada di data HR") -> Hendikus Waruwu | J78: =I78='JAN26'!$D78 -> TRUE
A79: Bandung | B79: Pipa Pompa | C79: PPSLM09 | D79: Vacant | E79: 0-Jan-1900 | G79: 0 | H79: 0 | I79: =IFERROR(VLOOKUP(G79,'20an'!$D:$J,7,0), "Sales tidak ada di data HR") -> Sales tidak ada di data HR | J79: =I79='JAN26'!$D79 -> FALSE
C80: COSPP | D80: ASTON VILLA | E80: 44172 | G80: PMD2012002 | H80: 631281850 | I80: =IFERROR(VLOOKUP(G80,'20an'!$D:$J,7,0), "Sales tidak ada di data HR") -> Aston Villa | J80: =I80='JAN26'!$D80 -> TRUE
A81: PCK | B81: Pipa Pompa | C81: PPSLM24 | D81: Asep Anang Rusmana | E81: 44538 | G81: PMK2112008 | H81: 1092167482 | I81: =IFERROR(VLOOKUP(G81,'20an'!$D:$J,7,0), "Sales tidak ada di data HR") -> Asep Anang Rusmana | J81: =I81='JAN26'!$D81 -> TRUE
A82: Cirebon | B82: Pipa Pompa | C82: PPSLM60 | D82: Deni Junaeni Adriyadi | E82: 45509 | G82: PMC2408001 | H82: 1342870354 | I82: =IFERROR(VLOOKUP(G82,'20an'!$D:$J,7,0), "Sales tidak ada di data HR") -> Deni Junaeni Adriyadi | J82: =I82='JAN26'!$D82 -> TRUE
A83: Cirebon | B83: Pipa Pompa | C83: PPSLM61 | D83: Imam Santoso | E83: 45079 | G83: PMC2306001 | H83: 1341798898 | I83: =IFERROR(VLOOKUP(G83,'20an'!$D:$J,7,0), "Sales tidak ada di data HR") -> Imam Santoso | J83: =I83='JAN26'!$D83 -> TRUE
A84: Cirebon | B84: Pipa Pompa | C84: PPSLM62 | D84: Rahman Adi Kusuma | E84: 45502 | G84: PMC2407003 | H84: 1341470272 | I84: =IFERROR(VLOOKUP(G84,'20an'!$D:$J,7,0), "Sales tidak ada di data HR") -> Rahman Adi Kusuma | J84: =I84='JAN26'!$D84 -> TRUE
A85: Cirebon | B85: Pipa Pompa | C85: PPSLM63 | D85: Rohmanudin | E85: 45419 | G85: PMC2405002 | H85: 3741569866 | I85: =IFERROR(VLOOKUP(G85,'20an'!$D:$J,7,0), "Sales tidak ada di data HR") -> Rohmanudin | J85: =I85='JAN26'!$D85 -> TRUE
A86: Cirebon | B86: Pipa Pompa | C86: PPSLM64 | D86: Willyanto | E86: 44655 | G86: PMC2204004 | H86: 8180355414 | I86: =IFERROR(VLOOKUP(G86,'20an'!$D:$J,7,0), "Sales tidak ada di data HR") -> Willyanto | J86: =I86='JAN26'!$D86 -> TRUE
A87: Cirebon | B87: Pipa Pompa | C87: PPSLM65 | D87: Abdurokhim | E87: 45418 | G87: PMC2405001 | H87: 3741559241 | I87: =IFERROR(VLOOKUP(G87,'20an'!$D:$J,7,0), "Sales tidak ada di data HR") -> Abdurokhim | J87: =I87='JAN26'!$D87 -> TRUE
A88: Tasik | B88: Pipa Pompa | C88: PPSLM71 | D88: Edi Rosadi | E88: 24/12/2025 | G88: PMD2512010 | H88: 6235063992 | I88: =IFERROR(VLOOKUP(G88,'20an'!$D:$J,7,0), "Sales tidak ada di data HR") -> Edi Rosadi | J88: =I88='JAN26'!$D88 -> TRUE
A89: Tasik | B89: Pipa Pompa | C89: PPSLM72 | D89: ADITYA APTA TRIPURNA | E89: 44907 | G89: PMT2212001 | H89: 542022157 | I89: =IFERROR(VLOOKUP(G89,'20an'!$D:$J,7,0), "Sales tidak ada di data HR") -> Aditya Apta Tripurna | J89: =I89='JAN26'!$D89 -> TRUE
A90: Tasik | B90: Pipa Pompa | C90: PPSLM73 | D90: ANGGA DWITAMA | E90: 45936 | G90: PMD2510001 | H90: 1381618345 | I90: =IFERROR(VLOOKUP(G90,'20an'!$D:$J,7,0), "Sales tidak ada di data HR") -> Angga Dwitama | J90: =I90='JAN26'!$D90 -> TRUE
A91: Tasik | B91: Pipa Pompa | C91: PPSLM74 | D91: Asep Rachmat Sapaat | E91: 45824 | G91: PMT2506003 | H91: 542132653 | I91: =IFERROR(VLOOKUP(G91,'20an'!$D:$J,7,0), "Sales tidak ada di data HR") -> Asep Rachmat Sapaat | J91: =I91='JAN26'!$D91 -> TRUE
A92: Tasik | B92: Pipa Pompa | C92: PPSLM75 | D92: IRFAN SETIAWAN | E92: 45996 | G92: PMD2512002 | H92: 1381641738 | I92: =IFERROR(VLOOKUP(G92,'20an'!$D:$J,7,0), "Sales tidak ada di data HR") -> Irfan Setiawan | J92: =I92='JAN26'!$D92 -> TRUE
A93: Bogor | B93: Pipa Pompa | C93: PPSLM85 | D93: Abdul Agus | E93: 45894 | G93: PMD2508009 | H93: 8720170974 | I93: =IFERROR(VLOOKUP(G93,'20an'!$D:$J,7,0), "Sales tidak ada di data HR") -> Abdul Agus | J93: =I93='JAN26'!$D93 -> TRUE
A94: Bogor | B94: Pipa Pompa | C94: PPSLM86 | D94: Antonio Rifaldo | E94: 45607 | G94: PMB2411001 | H94: 954790581 | I94: =IFERROR(VLOOKUP(G94,'20an'!$D:$J,7,0), "Sales tidak ada di data HR") -> Antonio Rifaldo | J94: =I94='JAN26'!$D94 -> TRUE
A95: Bogor | B95: Pipa Pompa | C95: PPSLM87 | D95: Ahmad Daud Abdullah | E95: 44979 | G95: PMB2302004 | H95: 7120059186 | I95: =IFERROR(VLOOKUP(G95,'20an'!$D:$J,7,0), "Sales tidak ada di data HR") -> Ahmad Daud Abdullah | J95: =I95='JAN26'!$D95 -> TRUE
A96: Bogor | B96: Pipa Pompa | C96: PPSLM88 | D96: Rian Rudian | E96: 44739 | G96: PMB2207003 | H96: 1742087799 | I96: =IFERROR(VLOOKUP(G96,'20an'!$D:$J,7,0), "Sales tidak ada di data HR") -> Rian Rudian | J96: =I96='JAN26'!$D96 -> TRUE
A97: Bogor | B97: Pipa Pompa | C97: PPSLM89 | D97: Gati Kusmanto | E97: 44902 | G97: PMB2212001 | H97: 630100844 | I97: =IFERROR(VLOOKUP(G97,'20an'!$D:$J,7,0), "Sales tidak ada di data HR") -> Gati Kusmanto | J97: =I97='JAN26'!$D97 -> TRUE
A98: Bogor | B98: ICI | C98: ICSPV08 | D98: ZAINAL HAKIKI | E98: 45901 | G98: PMD2509001 | H98: 6820539786 | I98: =IFERROR(VLOOKUP(G98,'20an'!$D:$J,7,0), "Sales tidak ada di data HR") -> Zainal Hakiki | J98: =I98='JAN26'!$D98 -> TRUE
A99: Bogor | B99: Pipa Pompa | C99: PPSPV08 | D99: Nanda Amelia | E99: 45414 | G99: PMB2405002 | H99: 953571843 | I99: =IFERROR(VLOOKUP(G99,'20an'!$D:$J,7,0), "Sales tidak ada di data HR") -> Nanda Amelia | J99: =I99='JAN26'!$D99 -> TRUE
A100: Bogor | B100: Elektrik | C100: ELCOS08 | D100: Endriyanto | E100: 44875 | G100: PMB2211002 | H100: 380581647 | I100: =IFERROR(VLOOKUP(G100,'20an'!$D:$J,7,0), "Sales tidak ada di data HR") -> Endriyanto | J100: =I100='JAN26'!$D100 -> TRUE
A101: Bogor | B101: Pipa Pompa | C101: PPCOS08 | D101: Ida Sugiarti | E101: 45124 | G101: PMB2307003 | H101: 8410839165 | I101: =IFERROR(VLOOKUP(G101,'20an'!$D:$J,7,0), "Sales tidak ada di data HR") -> Ida Sugiarti | J101: =I101='JAN26'!$D101 -> TRUE
A102: Bandung | B102: Pipamas | C102: PICOS01 | D102: Ricki Galih Ginanjar | E102: 45169 | G102: PMD2207003 | H102: 1560107931 | I102: =IFERROR(VLOOKUP(G102,'20an'!$D:$J,7,0), "Sales tidak ada di data HR") -> Ricki Galih Ginanjar | J102: =I102='JAN26'!$D102 -> TRUE
A103: Bogor | B103: ICI | C103: ICSLM85 | D103: Fitrah Ramadhan | E103: 46051 | G103: PMD2601002 | H103: 6610706418 | I103: =IFERROR(VLOOKUP(G103,'20an'!$D:$J,7,0), "Sales tidak ada di data HR") -> Fitrah Ramadhan | J103: =I103='JAN26'!$D103 -> TRUE
A104: Cirebon | C104: SPV06 | D104: Ismanto | E104: 44669 | G104: PMC2204005 | H104: 8180379941 | I104: =IFERROR(VLOOKUP(G104,'20an'!$D:$J,7,0), "Sales tidak ada di data HR") -> Ismanto | J104: =I104='JAN26'!$D104 -> TRUE
A105: Cirebon | B105: Elektrik | C105: ELCOS06 | D105: Moch Apip | E105: 44645 | G105: PMC2203003 | H105: 8180374729 | I105: =IFERROR(VLOOKUP(G105,'20an'!$D:$J,7,0), "Sales tidak ada di data HR") -> Moch Apip | J105: =I105='JAN26'!$D105 -> TRUE
A106: Cirebon | B106: Pipamas | C106: PICOS06 | D106: Rastha Kawistara | E106: 44034 | G106: PMC2007006 | H106: 4380053131 | I106: =IFERROR(VLOOKUP(G106,'20an'!$D:$J,7,0), "Sales tidak ada di data HR") -> Rastha Kawistara | J106: =I106='JAN26'!$D106 -> TRUE
A107: Cirebon | B107: Pipa Pompa | C107: PPCOS06 | D107: Aldy Sulistio | E107: 44816 | G107: PMC2209001 | H107: 3740904263 | I107: =IFERROR(VLOOKUP(G107,'20an'!$D:$J,7,0), "Sales tidak ada di data HR") -> Aldy Sulistio | J107: =I107='JAN26'!$D107 -> TRUE
A108: Tasik | B108: Pipamas | C108: PICOS07 | D108: Ar Ar Satia Rahmat | E108: 44816 | G108: PMT2209001 | H108: 0541950825 | I108: =IFERROR(VLOOKUP(G108,'20an'!$D:$J,7,0), "Sales tidak ada di data HR") -> Ar Ar Satia Rahmat | J108: =I108='JAN26'!$D108 -> TRUE
A109: Tasik | B109: Elektrik | C109: ELCOS07 | D109: Rikza Maulana | E109: 43740 | G109: PMT1910005 | H109: 0540741735 | I109: =IFERROR(VLOOKUP(G109,'20an'!$D:$J,7,0), "Sales tidak ada di data HR") -> Rikza Maulana | J109: =I109='JAN26'!$D109 -> TRUE
A110: Tasik | B110: Pipa Pompa | C110: PPCOS07 | D110: Asep Mamat Harisudin | E110: 43675 | G110: PMT1907023 | H110: 0540714282 | I110: =IFERROR(VLOOKUP(G110,'20an'!$D:$J,7,0), "Sales tidak ada di data HR") -> Asep Mamat Harisudin | J110: =I110='JAN26'!$D110 -> TRUE
A111: Tasik | B111: ICI | C111: ICCOS07 | D111: Ade Hendra | E111: 43740 | G111: PMT1910006 | H111: 2090538252 | I111: =IFERROR(VLOOKUP(G111,'20an'!$D:$J,7,0), "Sales tidak ada di data HR") -> Ade Hendra | J111: =I111='JAN26'!$D111 -> TRUE

Sheet Karyawan Resign
A1: St | B1: FIX | C1: Nu | D1: NIK | E1: Sakit | F1: Izin | G1: Alpha | H1: Lama Kerja | I1: No AC | J1: Dept and Location | K1: Tgl Resign | L1: Posisi | M1: Tgl Masuk | N1: Agama | O1: Tgl Lahir | P1: Keterangan
A2: ST | B2: NO | C2: 1 | D2: PMT2012001 | E2: 0 | F2: 0 | G2: 0 | H2: =((YEAR(TODAY())-YEAR(M2))*12+MONTH(TODAY())-MONTH(M2))/12 -> 5.4166667 | I2: 1380425293 | J2: Yendi Cahyadi | K2: 46034 | L2: Sales Pipe & Pump Staff Tasikmalaya | M2: 44172 | N2: Islam | O2: 33757
A3: ST | B3: NO | C3: 2 | D3: PMD2509004 | E3: 0 | F3: 0 | G3: 0 | H3: =((YEAR(TODAY())-YEAR(M3))*12+MONTH(TODAY())-MONTH(M3))/12 -> 0.66666667 | I3: 5170024461 | J3: Rosadi | K3: 46034 | L3: Sales Electric Coordinator Soekarno Hatta | M3: 45908 | N3: Islam | O3: 33122
A4: ST | B4: NO | C4: 3 | D4: PMD2512004 | E4: 0 | F4: 0 | G4: 0 | H4: =((YEAR(TODAY())-YEAR(M4))*12+MONTH(TODAY())-MONTH(M4))/12 -> 0.41666667 | I4: 7771774958 | J4: Pelsa Christian | K4: 46031 | L4: Sales Pipe & Pump Staff Soekarno Hatta | M4: 45999 | N4: Islam | O4: 33239
A5: ST | B5: NO | C5: 4 | D5: PMT2207002 | E5: 0 | F5: 0 | G5: 0 | H5: =((YEAR(TODAY())-YEAR(M5))*12+MONTH(TODAY())-MONTH(M5))/12 -> 3.8333333 | I5: 2090798238 | J5: Dian Nursamsi | K5: 46041 | L5: Sales Pipamas Staff Tasikmalaya | M5: 44771 | N5: Islam | O5: 34092 | P5: HOLD

Sheet Bandung
A1: ELEKTRIK BANDUNG
A3: Branch | B3: Divisi | C3: Kode Sales | D3: Januari | E3: Masuk | F3: Keluar | G3: NIK | H3: No Rek
A4: =IF(LEFT(RIGHT(C4,2),1)="0","Bandung",IF(LEFT(RIGHT(C4,2),1)="2","PCK",IF(LEFT(RIGHT(C4,2),1)="6","Cirebon",IF(LEFT(RIGHT(C4,2),1)="7","Tasik",IF(LEFT(RIGHT(C4,2),1)="8","Bogor",""))))) -> Bandung | B4: =IF(LEFT(C4,2)="EL","Elektrik",IF(LEFT(C4,2)="PP","Pipa Pompa",IF(LEFT(C4,2)="IC","ICI",IF(LEFT(C4,2)="PI","Pipamas","")))) -> Elektrik | C4: ELMOD01 | D4: Ridwan Fauzan Firdaus | E4: =IFERROR(INDEX(#REF!,MATCH([1]!Table79101112[[#This Row],[Januari]],#REF!,0)),"kosong") -> kosong | G4: =IFERROR(INDEX(#REF!,MATCH([1]!Table79101112[[#This Row],[Januari]],#REF!,0)),"") | H4: =IFERROR(INDEX(#REF!,MATCH([1]!Table79101112[[#This Row],[Januari]],#REF!,0)),"")
A5: =IF(LEFT(RIGHT(C5,2),1)="0","Bandung",IF(LEFT(RIGHT(C5,2),1)="2","PCK",IF(LEFT(RIGHT(C5,2),1)="6","Cirebon",IF(LEFT(RIGHT(C5,2),1)="7","Tasik",IF(LEFT(RIGHT(C5,2),1)="8","Bogor",""))))) -> Bandung | B5: =IF(LEFT(C5,2)="EL","Elektrik",IF(LEFT(C5,2)="PP","Pipa Pompa",IF(LEFT(C5,2)="IC","ICI",IF(LEFT(C5,2)="PI","Pipamas","")))) -> Elektrik | C5: ELMOD02 | D5: Nur Ali | E5: =IFERROR(INDEX(#REF!,MATCH([1]!Table79101112[[#This Row],[Januari]],#REF!,0)),"kosong") -> kosong | G5: =IFERROR(INDEX(#REF!,MATCH([1]!Table79101112[[#This Row],[Januari]],#REF!,0)),"") | H5: =IFERROR(INDEX(#REF!,MATCH([1]!Table79101112[[#This Row],[Januari]],#REF!,0)),"")
A6: =IF(LEFT(RIGHT(C6,2),1)="0","Bandung",IF(LEFT(RIGHT(C6,2),1)="2","PCK",IF(LEFT(RIGHT(C6,2),1)="6","Cirebon",IF(LEFT(RIGHT(C6,2),1)="7","Tasik",IF(LEFT(RIGHT(C6,2),1)="8","Bogor",""))))) -> Bandung | B6: =IF(LEFT(C6,2)="EL","Elektrik",IF(LEFT(C6,2)="PP","Pipa Pompa",IF(LEFT(C6,2)="IC","ICI",IF(LEFT(C6,2)="PI","Pipamas","")))) -> Elektrik | C6: ELSLE01 | D6: RENALDI AGUSTIANA YUSUF | E6: =IFERROR(INDEX(#REF!,MATCH([1]!Table79101112[[#This Row],[Januari]],#REF!,0)),"kosong") -> kosong | G6: =IFERROR(INDEX(#REF!,MATCH([1]!Table79101112[[#This Row],[Januari]],#REF!,0)),"") | H6: =IFERROR(INDEX(#REF!,MATCH([1]!Table79101112[[#This Row],[Januari]],#REF!,0)),"") | I6: Pak Martin
A7: =IF(LEFT(RIGHT(C7,2),1)="0","Bandung",IF(LEFT(RIGHT(C7,2),1)="2","PCK",IF(LEFT(RIGHT(C7,2),1)="6","Cirebon",IF(LEFT(RIGHT(C7,2),1)="7","Tasik",IF(LEFT(RIGHT(C7,2),1)="8","Bogor",""))))) -> Bandung | B7: =IF(LEFT(C7,2)="EL","Elektrik",IF(LEFT(C7,2)="PP","Pipa Pompa",IF(LEFT(C7,2)="IC","ICI",IF(LEFT(C7,2)="PI","Pipamas","")))) -> Elektrik | C7: ELSLE02 | D7: Syamsul Palah | E7: =IFERROR(INDEX(#REF!,MATCH([1]!Table79101112[[#This Row],[Januari]],#REF!,0)),"kosong") -> kosong | G7: =IFERROR(INDEX(#REF!,MATCH([1]!Table79101112[[#This Row],[Januari]],#REF!,0)),"") | H7: =IFERROR(INDEX(#REF!,MATCH([1]!Table79101112[[#This Row],[Januari]],#REF!,0)),"")
A8: =IF(LEFT(RIGHT(C8,2),1)="0","Bandung",IF(LEFT(RIGHT(C8,2),1)="2","PCK",IF(LEFT(RIGHT(C8,2),1)="6","Cirebon",IF(LEFT(RIGHT(C8,2),1)="7","Tasik",IF(LEFT(RIGHT(C8,2),1)="8","Bogor",""))))) -> Bandung | B8: =IF(LEFT(C8,2)="EL","Elektrik",IF(LEFT(C8,2)="PP","Pipa Pompa",IF(LEFT(C8,2)="IC","ICI",IF(LEFT(C8,2)="PI","Pipamas","")))) -> Elektrik | C8: ELSLE03 | D8: Ghisan Al Azhali | E8: =IFERROR(INDEX(#REF!,MATCH([1]!Table79101112[[#This Row],[Januari]],#REF!,0)),"kosong") -> kosong | G8: =IFERROR(INDEX(#REF!,MATCH([1]!Table79101112[[#This Row],[Januari]],#REF!,0)),"") | H8: =IFERROR(INDEX(#REF!,MATCH([1]!Table79101112[[#This Row],[Januari]],#REF!,0)),"")
A9: =IF(LEFT(RIGHT(C9,2),1)="0","Bandung",IF(LEFT(RIGHT(C9,2),1)="2","PCK",IF(LEFT(RIGHT(C9,2),1)="6","Cirebon",IF(LEFT(RIGHT(C9,2),1)="7","Tasik",IF(LEFT(RIGHT(C9,2),1)="8","Bogor",""))))) -> Bandung | B9: =IF(LEFT(C9,2)="EL","Elektrik",IF(LEFT(C9,2)="PP","Pipa Pompa",IF(LEFT(C9,2)="IC","ICI",IF(LEFT(C9,2)="PI","Pipamas","")))) -> Elektrik | C9: ELSLE04 | D9: VIRSQI INDRA | E9: =IFERROR(INDEX(#REF!,MATCH([1]!Table79101112[[#This Row],[Januari]],#REF!,0)),"kosong") -> kosong | G9: =IFERROR(INDEX(#REF!,MATCH([1]!Table79101112[[#This Row],[Januari]],#REF!,0)),"") | H9: =IFERROR(INDEX(#REF!,MATCH([1]!Table79101112[[#This Row],[Januari]],#REF!,0)),"")
A10: =IF(LEFT(RIGHT(C10,2),1)="0","Bandung",IF(LEFT(RIGHT(C10,2),1)="2","PCK",IF(LEFT(RIGHT(C10,2),1)="6","Cirebon",IF(LEFT(RIGHT(C10,2),1)="7","Tasik",IF(LEFT(RIGHT(C10,2),1)="8","Bogor",""))))) -> Bandung | B10: =IF(LEFT(C10,2)="EL","Elektrik",IF(LEFT(C10,2)="PP","Pipa Pompa",IF(LEFT(C10,2)="IC","ICI",IF(LEFT(C10,2)="PI","Pipamas","")))) -> Elektrik | C10: ELSLE05 | D10: Hasudungan | E10: =IFERROR(INDEX(#REF!,MATCH([1]!Table79101112[[#This Row],[Januari]],#REF!,0)),"kosong") -> kosong | G10: =IFERROR(INDEX(#REF!,MATCH([1]!Table79101112[[#This Row],[Januari]],#REF!,0)),"") | H10: =IFERROR(INDEX(#REF!,MATCH([1]!Table79101112[[#This Row],[Januari]],#REF!,0)),"")
A11: =IF(LEFT(RIGHT(C11,2),1)="0","Bandung",IF(LEFT(RIGHT(C11,2),1)="2","PCK",IF(LEFT(RIGHT(C11,2),1)="6","Cirebon",IF(LEFT(RIGHT(C11,2),1)="7","Tasik",IF(LEFT(RIGHT(C11,2),1)="8","Bogor",""))))) -> Bandung | B11: =IF(LEFT(C11,2)="EL","Elektrik",IF(LEFT(C11,2)="PP","Pipa Pompa",IF(LEFT(C11,2)="IC","ICI",IF(LEFT(C11,2)="PI","Pipamas","")))) -> Elektrik | C11: ELCOS01 | D11: ROSADI | E11: =IFERROR(INDEX(#REF!,MATCH([1]!Table79101112[[#This Row],[Januari]],#REF!,0)),"kosong") -> kosong | F11: 46031 | G11: =IFERROR(INDEX(#REF!,MATCH([1]!Table79101112[[#This Row],[Januari]],#REF!,0)),"") | H11: =IFERROR(INDEX(#REF!,MATCH([1]!Table79101112[[#This Row],[Januari]],#REF!,0)),"")
A13: ICI BANDUNG
A15: Branch | B15: Divisi | C15: Kode Sales | D15: Januari | E15: Masuk | F15: Keluar | G15: NIK | H15: No Rek
A16: Bandung | B16: ICI | C16: ICSLM01 | D16: Ikhwan Fiddin | E16: 45139 | G16: PMD2308002 | H16: 2832258475
A17: Bandung | B17: ICI | C17: ICSLM03 | D17: Dadan Hardiansah Putra | E17: 44572 | G17: PMD2201006 | H17: 1393356867
A18: Bandung | B18: ICI | C18: ICSLM05 | D18: Moch Armando Vebby | E18: 44533 | G18: PMD2112004 | H18: 1393317101 | I18: Pak Nando
A19: Bandung | B19: ICI | C19: ICSLM06 | D19: Rahmat Hidayat | E19: 44525 | G19: PMD2111013 | H19: 2830825579
A20: Bandung | B20: ICI | C20: ICSLM07 | D20: Satria Pamungkas | E20: 44732 | G20: PMD2206002 | H20: 4372932876
A21: Bandung | B21: ICI | C21: ICSLM09 | D21: Andi Kurniawan | E21: 44572 | G21: PMD2201008 | H21: 1760203960
A23: PP BANDUNG
A25: Branch | B25: Divisi | C25: Kode Sales | D25: Januari | E25: Masuk | F25: Keluar | G25: NIK | H25: No Rek
A26: Bandung | B26: Pipa Pompa | C26: PPSLM01 | D26: Agus Gunawan | E26: 45334 | G26: PMD2402001 | H26: 8103039361
A27: Bandung | B27: Pipa Pompa | C27: PPSLM02 | D27: TEGOEH PRAMONO | E27: 45978 | G27: PMD2511002 | H27: 2831900280
A28: Bandung | B28: Pipa Pompa | C28: PPSLM03 | D28: PELSA CHRISTIAN | E28: 45999 | F28: 46031 | G28: PMD2512004 | H28: 7771774958
A29: Bandung | B29: Pipa Pompa | C29: PPSLM04 | D29: Andre Setiawan | E29: 45481 | G29: PMD2407002 | H29: 1760287934 | I29: Pak Martin
A30: Bandung | B30: Pipa Pompa | C30: PPSLM05 | D30: Yusuf Angga Setiabudi | E30: 45894 | G30: PMD2107003 | H30: 2830811802
A31: Bandung | B31: Pipa Pompa | C31: PPSLM06 | D31: Erlan Sopiana | E31: 45713 | G31: PMD2502005 | H31: 2801445111
A32: Bandung | B32: Pipa Pompa | C32: PPSLM07 | D32: LEO FERDIANSYAH | E32: 45979 | G32: PMD2511004 | H32: 1392396947
A33: Bandung | B33: Pipa Pompa | C33: PPSLM08 | D33: Hendikus Waruwu | E33: 45838 | G33: PMD2506001 | H33: 8106058160
A34: Bandung | B34: Pipa Pompa | C34: PPSLM09 | D34: Vacant | E34: 0 | G34: 0 | H34: 0
A36: PI BANDUNG
A38: Branch | B38: Divisi | C38: Kode Sales | D38: Januari | E38: Masuk | F38: Keluar | G38: NIK | H38: No Rek
A39: Bandung | B39: Pipamas | C39: PISLP01 | D39: ASEP SOPIYAN | E39: 45896 | G39: PMD2508010 | H39: 3790592777 | I39: Pak Billy
A40: Bandung | B40: Pipamas | C40: PISLP02 | D40: Hari Wiharyana | E40: 45904 | G40: PMD2509003 | H40: 2800939910
A41: Bandung | B41: Pipamas | C41: PISLP03 | D41: Vacant | E41: 0 | G41: 0 | H41: 0
A42: Bandung | B42: Pipamas | C42: PISLP04 | D42: Gugun Hanafi | E42: 45727 | G42: PMD2503004 | H42: 1560108695
A43: Bandung | B43: Pipamas | C43: PISLP05 | D43: Vacant | E43: 0 | G43: 0 | H43: 0
A44: Bandung | B44: Pipamas | C44: PISLP06 | D44: Aditiya Muhammad Ramdhan | E44: 45727 | G44: PMD2503003 | H44: 7750965185
A45: Bandung | B45: Pipamas | C45: PISLP07 | D45: Bagus Gumilar | E45: 44858 | G45: PMD2210008 | H45: 0083879235
A46: Bandung | B46: Pipamas | C46: PISLP08 | D46: Muhammad Riki Safari | E46: 45792 | G46: PMD2109007 | H46: 2831290783
A47: Bandung | B47: Pipamas | C47: PISLP09 | D47: IKHSAN MAULANA YUSUF | E47: 45887 | G47: PMD2508004 | H47: 8320689768
A48: Bandung | B48: Pipamas | C48: PISLP10 | D48: Anre Iksan Rosadi | E48: 45792 | G48: PMD2505002 | H48: 4310478577
A49: Bandung | B49: Pipamas | C49: PISLP11 | D49: Rizal Zaelani | E49: 45996 | G49: PMD2512003 | H49: 4461503378
A50: Bandung | B50: Pipamas | C50: PICOS01 | D50: RICKI GALIH GINANJAR | E50: 45169 | G50: PMD2308005 | H50: 1560107931
A51: Bandung | B51: Pipamas | C51: PICOS21 | D51: BILLY SUGIARTO | E51: 46000 | G51: PMD2512006 | H51: 8090609018

Sheet Bogor
A1: ELEKTRIK
A3: Branch | B3: Divisi | C3: Kode Sales | D3: Januari | E3: Masuk | F3: Keluar | G3: NIK | H3: No Rek
A4: Bogor | B4: Elektrik | C4: ELSLE85 | D4: Syahri Rizki | E4: 45414 | G4: PMB2405003 | H4: 3720066482
A5: Bogor | B5: Elektrik | C5: ELSLE86 | D5: Wahyu Widiana | E5: 44903 | G5: PMB2212002 | H5: 7402130230
A6: Bogor | B6: Elektrik | C6: ELSLE87 | D6: Ryan Novi Handoko | E6: 44531 | G6: PMB2112002 | H6: 5015250876
A7: Bogor | B7: Elektrik | C7: ELSLE88 | D7: Muhamad Hasan | E7: 44091 | G7: PMB2009005 | H7: 5735335861
A9: ICI
A11: Branch | B11: Divisi | C11: Kode Sales | D11: Januari | E11: Masuk | F11: Keluar | G11: NIK | H11: No Rek
A12: Bogor | B12: ICI | C12: ICSLM80 | D12: Ramli Nasution | E12: 45817 | G12: PMB2506001 | H12: 7380496873
A13: Bogor | B13: ICI | C13: ICSLM81 | D13: Asep Permana Noor | E13: 45426 | G13: PMB2405006 | H13: 0953412346
A14: Bogor | B14: ICI | C14: ICSLM82 | D14: Fajar Nugraha | E14: 45616 | G14: PMB2411002 | H14: 1672882235
A15: Bogor | B15: ICI | C15: ICSLM83 | D15: Zaenudin | E15: 44341 | G15: PMB2105004 | H15: 8720710197
A16: Bogor | B16: ICI | C16: ICSLM84 | D16: Lucky Ghrstyan Syah | E16: 43731 | G16: PMB1909012 | H16: 3370017751
A17: Bogor | B17: ICI | C17: ICSLM85 | D17: Andri Prayitno | E17: 45530 | F17: 46027 | G17: PMB2408001 | H17: 8720384575
A19: PP
A21: Branch | B21: Divisi | C21: Kode Sales | D21: Januari | E21: Masuk | F21: Keluar | G21: NIK | H21: No Rek
A22: Bogor | B22: Pipa Pompa | C22: PPSLM85 | D22: Abdul Agus | E22: 45894 | G22: PMD2508009 | H22: 8720170974
A23: Bogor | B23: Pipa Pompa | C23: PPSLM86 | D23: Antonio Rifaldo | E23: 45607 | G23: PMB2411001 | H23: 0954790581
A24: Bogor | B24: Pipa Pompa | C24: PPSLM87 | D24: Ahmad Daud Abdullah | E24: 44979 | G24: PMB2302004 | H24: 7120059186
A25: Bogor | B25: Pipa Pompa | C25: PPSLM88 | D25: Rian Rudian | E25: 44739 | G25: PMB2207003 | H25: 1742087799
A26: Bogor | B26: Pipa Pompa | C26: PPSLM89 | D26: Gati Kusmanto | E26: 44902 | G26: PMB2212001 | H26: 0630100844
A28: PI
A30: Branch | B30: Divisi | C30: Kode Sales | D30: Januari | E30: Masuk | F30: Keluar | G30: NIK | H30: No Rek
A31: Bogor | B31: Pipamas | C31: PISLP81 | D31: Lili Murtado | E31: 44496 | G31: PMB2110006 | H31: 8691144780
A32: Bogor | B32: Pipamas | C32: PISLP82 | D32: Mulyadi | E32: kosong
A33: Bogor | B33: Pipamas | C33: PISLP83 | D33: Febiansyah | E33: 44903 | G33: PMB2212003 | H33: 5470418682
A34: Bogor | B34: Pipamas | C34: PISLP84 | D34: Artanto | E34: 45944 | G34: PMD2510002 | H34: 0953302303
A35: Bogor | B35: Pipamas | C35: PISLP85 | D35: Vacant | E35: 0 | G35: 0 | H35: 0

Sheet Cirebon
A1: ELEKTRIK
A3: Branch | B3: Divisi | C3: Kode Sales | D3: Januari | E3: Masuk | F3: Keluar | G3: NIK | H3: No Rek
A4: Cirebon | B4: Elektrik | C4: ELSLE60 | D4: Nurfadilah | E4: 44951 | G4: PMC2301001 | H4: 1342293292
A5: Cirebon | B5: Elektrik | C5: ELSLE61 | D5: Fanji Berliandy Azhari Ridzki | E5: 44536 | G5: PMC2112006 | H5: 8180224085
A6: Cirebon | B6: Elektrik | C6: ELSLE62 | D6: Ade Trihandoyo | E6: 45845 | G6: PMC2507002 | H6: 373802651
A7: Cirebon | B7: Elektrik | C7: ELSLE63 | D7: Fidyah Faroid | E7: 45502 | G7: PMC2407004 | H7: 8180505475
A8: Cirebon | B8: Elektrik | C8: ELSLE64 | D8: Eko Yoga Prawira | E8: 45708 | G8: PMC2502002 | H8: 1342833637
A9: Cirebon | B9: Elektrik | C9: ELSLE65 | D9: Ipan Wiguna | E9: 45643 | G9: PMC2412003 | H9: 2991983084
A11: PP
A13: Branch | B13: Divisi | C13: Kode Sales | D13: Januari | E13: Masuk | F13: Keluar | G13: NIK | H13: No Rek
A14: Cirebon | B14: Pipa Pompa | C14: PPSLM60 | D14: Deni Junaeni Adriyadi | E14: 45509 | G14: PMC2408001 | H14: 1342870354
A15: Cirebon | B15: Pipa Pompa | C15: PPSLM61 | D15: Imam Santoso | E15: 45079 | G15: PMC2306001 | H15: 1341798898
A16: Cirebon | B16: Pipa Pompa | C16: PPSLM62 | D16: Rahman Adi Kusuma | E16: 45502 | G16: PMC2407003 | H16: 1341470272
A17: Cirebon | B17: Pipa Pompa | C17: PPSLM63 | D17: Rohmanudin | E17: 45419 | G17: PMC2405002 | H17: 3741569866
A18: Cirebon | B18: Pipa Pompa | C18: PPSLM64 | D18: Willyanto | E18: 44655 | G18: PMC2204004 | H18: 8180355414
A19: Cirebon | B19: Pipa Pompa | C19: PPSLM65 | D19: Abdurokhim | E19: 45418 | G19: PMC2405001 | H19: 3741559241
A21: PI
A23: Branch | B23: Divisi | C23: Kode Sales | D23: Januari | E23: Masuk | F23: Keluar | G23: NIK | H23: No Rek
A24: Cirebon | B24: Pipamas | C24: PISLP60 | D24: Budi Handoko | E24: 45841 | G24: PMC2507001 | H24: 8180252151
A25: Cirebon | B25: Pipamas | C25: PISLP61 | D25: Hernado | E25: 45824 | G25: PMC2506002 | H25: 1342304294
A26: Cirebon | B26: Pipamas | C26: PISLP62 | D26: Mochamad Triana | E26: 45873 | G26: PMC 2508001 | H26: 8180322745

Sheet PCK
A1: ELEKTRIK
A3: Branch | B3: Divisi | C3: Kode Sales | D3: Januari | E3: Masuk | F3: Keluar | G3: NIK | H3: No Rek
A4: PCK | B4: Elektrik | C4: ELSLE25 | D4: Kiki Hadisurya | E4: 45649 | G4: PMK2412001 | H4: 0087042531 | I4: Pak Martin
A6: ICI
A8: Branch | B8: Divisi | C8: Kode Sales | D8: Januari | E8: Masuk | F8: Keluar | G8: NIK | H8: No Rek
A9: PCK | B9: ICI | C9: ICSLM21 | D9: Ujang Sulaeman | E9: 44137 | G9: PMK2011003 | H9: 3780397925
A10: PCK | B10: ICI | C10: ICSLM22 | D10: Ahmad Sanusi | E10: 45894 | G10: PMD2508008 | H10: 5745718288 | I10: Pak Adhi
A11: PCK | B11: ICI | C11: ICSLM23 | D11: Bonar Jumada | E11: 43349 | G11: PMK1809003 | H11: 5770551341
A12: PCK | B12: ICI | C12: ICSLM28 | D12: Adhi Gustiana | E12: 43332 | G12: PMK1808008 | H12: 2310272283
A14: PP
A16: Branch | B16: Divisi | C16: Kode Sales | D16: Januari | E16: Masuk | F16: Keluar | G16: NIK | H16: No Rek
A17: PCK | B17: Pipa Pompa | C17: PPSLM24 | D17: Asep Anang Rusmana | E17: 44538 | G17: PMK2112008 | H17: 1092167482 | I17: Pak Martin
A19: PI
A21: Branch | B21: Divisi | C21: Kode Sales | D21: Januari | E21: Masuk | F21: Keluar | G21: NIK | H21: No Rek
A22: PCK | B22: Pipamas | C22: PISLP26 | D22: Afif Mustafa | E22: 45104 | G22: PMK2306002 | H22: 0662788285

Sheet Tasik
A1: ELEKTRIK
A3: Branch | B3: Divisi | C3: Kode Sales | D3: Januari | E3: Masuk | F3: Keluar | G3: NIK | H3: No Rek
A4: Tasik | B4: Elektrik | C4: ELSLE71 | D4: Firmansyah | E4: 45468 | G4: PMT2406003 | H4: 3211177428
A5: Tasik | B5: Elektrik | C5: ELSLE72 | D5: Dhia Ul Iman | E5: 44734 | G5: PMT2206001 | H5: 3210914411 | I5: Pak Rikza
A6: Tasik | B6: Elektrik | C6: ELSLE73 | D6: Veby Rizky Fauzi | E6: 45558 | G6: PMT2409001 | H6: 0541384501
A7: Tasik | B7: Elektrik | C7: ELSLE74 | D7: Dian Haerandi | E7: 45820 | G7: PMT2506001 | H7: 3211265807
A8: Tasik | B8: Elektrik | C8: ELSLE75 | D8: Jejen Alkohiri | E8: 45679 | G8: PMT2501001 | H8: 3210680810
A10: ICI
A12: Branch | B12: Divisi | C12: Kode Sales | D12: Januari | E12: Masuk | F12: Keluar | G12: NIK | H12: No Rek
A13: Tasik | B13: ICI | C13: ICSLM71 | D13: Faizal Abdul Jabbar | E13: 44533 | G13: PMT2112005 | H13: 3210847285
A14: Tasik | B14: ICI | C14: ICSLM72 | D14: Septian Hermansyah | E14: 44781 | G14: PMT2208001 | H14: 3210939872
A15: Tasik | B15: ICI | C15: ICSLM73 | D15: Nandang Tata Yusmana | E15: 45824 | G15: PMT2506002 | H15: 0541621678
A17: PP
A19: Branch | B19: Divisi | C19: Kode Sales | D19: Januari | E19: Masuk | F19: Keluar | G19: NIK | H19: No Rek
A20: Tasik | B20: Pipa Pompa | C20: PPSLM71 | D20: EDI ROSYADI | E20: 24/12/2025
A21: Tasik | B21: Pipa Pompa | C21: PPSLM72 | D21: ADITYA APTA TRIPURNA | E21: 44907 | G21: PMT2212001 | H21: 0542022157
A22: Tasik | B22: Pipa Pompa | C22: PPSLM73 | D22: ANGGA DWITAMA | E22: 45936 | G22: PMD2510001 | H22: 1381618345
A23: Tasik | B23: Pipa Pompa | C23: PPSLM74 | D23: Asep Rachmat Sapaat | E23: 45824 | G23: PMT2506003 | H23: 0542132653
A24: Tasik | B24: Pipa Pompa | C24: PPSLM75 | D24: IRFAN SETIAWAN | E24: 45996 | G24: PMD2512002 | H24: 1381641738
A26: PI
A28: Branch | B28: Divisi | C28: Kode Sales | D28: Januari | E28: Masuk | F28: Keluar | G28: NIK | H28: No Rek
A29: Tasik | B29: Pipamas | C29: PISLP71 | D29: Dudi Sidik Permana | E29: 44835 | G29: PMT2209002 | H29: 2030529947
A30: Tasik | B30: Pipamas | C30: PISLP72 | D30: Rudi Ruswandi | E30: 44106 | G30: PMT2010001 | H30: 0541428037
A31: Tasik | B31: Pipamas | C31: PISLP73 | D31: Eri Aprrilian Rusliana | E31: 45803 | G31: PMT2505001 | H31: 2080770807
A32: Tasik | B32: Pipamas | C32: PISLP74 | D32: Dian Nursamsi | E32: 44771 | F32: 46038 | G32: PMT2207002 | H32: 2090798238
A33: Tasik | B33: Pipamas | C33: PISLP75 | D33: Vacant | E33: 0 | G33: 0 | H33: 0
